pool_id,ep,page,page_render,page_role,field,draft_state,draft_literal,draft_candidates,draft_class,draft_absent_kind,draft_printed_label,draft_semantic_role,draft_association,draft_actor,draft_region_display_fraction,evidence,draft_notes,reviewer_ruling,reviewer_state,reviewer_literal,reviewer_class,reviewer_association,reviewer_note
F001,3563,1,C:/t/r2x/r32-stage/renders/F001-p1.png,"material submittal form, submission sheet (Transmittal A)",identity,present,MAT – 116,,,,Submittal No.,own submittal number of this material submittal,resolved,,"[0.66, 0.135, 0.85, 0.15]",C:/t/r2x/r32-stage/crops/F001-p1-0.45_0.13_0.92_0.18.png,dash printed with surrounding spaces; glyph appears as an en dash,,,,,,
F001,3563,1,C:/t/r2x/r32-stage/renders/F001-p1.png,"material submittal form, submission sheet (Transmittal A)",revision,present,02,,,,Revision:,revision of this submittal,resolved,,"[0.71, 0.16, 0.8, 0.175]",C:/t/r2x/r32-stage/crops/F001-p1-0.45_0.13_0.92_0.18.png,,,,,,,
F001,3563,1,C:/t/r2x/r32-stage/renders/F001-p1.png,"material submittal form, submission sheet (Transmittal A)",decision,absent,,,,no_decision_area,,,,,,,page 1 carries only the contractor's submission checkboxes ('Submitted for review and approval' ticked) and received / distribution stamps; the engineer's decision area is on page 2,,,,,,
F001,3563,2,C:/t/r2x/r32-stage/renders/F001-p2.png,"engineer's review sheet (Transmittals B-D, ENGINEER'S COMMENTS), 'Page 2 of 2'",identity,absent,,,,,,,,,,,no submittal number printed on page 2,,,,,,
F001,3563,2,C:/t/r2x/r32-stage/renders/F001-p2.png,"engineer's review sheet (Transmittals B-D, ENGINEER'S COMMENTS), 'Page 2 of 2'",revision,absent,,,,,,,,,,,no revision printed on page 2 (footer 'Rev.0' is the form template),,,,,,
F001,3563,2,C:/t/r2x/r32-stage/renders/F001-p2.png,"engineer's review sheet (Transmittals B-D, ENGINEER'S COMMENTS), 'Page 2 of 2'",decision,present,Approved as noted / Resubmit,,approved as noted,,,,resolved,"consultant (Engineer, Dewan Architects + Engineers)","[0.07, 0.735, 0.35, 0.75]",C:/t/r2x/r32-stage/crops/F001-p2-0.05_0.72_0.6_0.76.png; C:/t/r2x/r32-stage/renders/F001-p2.png,"the option text also requires resubmission; class kept as approved as noted per convention 5; the 'Approved' tick in Transmittal B is the contractor's forwarding block, not the engineer's decision | page 2 of 2 of the same submittal form; the ticked option sits in the ENGINEER'S COMMENTS block, comments 1-6 in red, initialled and dated 22.3.16",,,,,,
F002,29255,1,C:/t/r2x/r32-stage/renders/F002-p1.png,"MATERIAL CONFORMITY REQUEST (Modular Design consultant / TAK contractor), a component of its own",identity,present,TAK-02041-MCR-EL-013,,,,Material Submittal No:,own material submittal number of this request,resolved,,"[0.24, 0.282, 0.4, 0.295]",C:/t/r2x/r32-stage/crops/F002-p1-0.04_0.27_0.85_0.35.png,"followed in red by 'B R1', recorded under revision",,,,,,
F002,29255,1,C:/t/r2x/r32-stage/renders/F002-p1.png,"MATERIAL CONFORMITY REQUEST (Modular Design consultant / TAK contractor), a component of its own",revision,present,R1,,,,(none: red suffix 'B R1' after the submittal number; also 'EL-13 B R1' in the Reason-for-Alternative row),suffix of the printed document number,uncertain,,"[0.39, 0.282, 0.43, 0.295]",C:/t/r2x/r32-stage/crops/F002-p1-0.04_0.27_0.85_0.35.png,no revision cell; 'B R1' is a red annotation whose 'B' may be a status code and 'R1' a revision: role not printed,,,,,,
F002,29255,1,C:/t/r2x/r32-stage/renders/F002-p1.png,"MATERIAL CONFORMITY REQUEST (Modular Design consultant / TAK contractor), a component of its own",decision,present,B. Approved as noted,,approved as noted,,,,resolved,"consultant (Modular Design Engineering Consultant; 'Received by Engineer' block, CONSULTANT COMMENTS)","[0.38, 0.594, 0.53, 0.607]",C:/t/r2x/r32-stage/crops/F002-p1-0.1_0.57_0.85_0.62.png; C:/t/r2x/r32-stage/renders/F002-p1.png,"the tick is a stroke ending at 'B.' rather than a box tick | the consultant's line 'The above submittal is: A/B/C/D' carries a blue tick at 'B.' joined to the consultant comments ('Arrange sample for final approval from client'), signed; the client's identical line below is unmarked",,,,,,
F002,29255,2,C:/t/r2x/r32-stage/renders/F002-p2.png,"SAIFCO Material Submittal form (Khatib & Alami engineer), a different submittal and project from page 1",identity,present,SAIFCO-351-MEP-MAR-EL-12,,,,Ref No:,own submittal reference number,resolved,,"[0.66, 0.108, 0.84, 0.12]",C:/t/r2x/r32-stage/crops/F002-p2-0.55_0.1_0.9_0.135.png,,,,,,,
F002,29255,2,C:/t/r2x/r32-stage/renders/F002-p2.png,"SAIFCO Material Submittal form (Khatib & Alami engineer), a different submittal and project from page 1",revision,present,2,,,,Revision:,revision of this submittal,resolved,,"[0.8, 0.12, 0.88, 0.132]",C:/t/r2x/r32-stage/crops/F002-p2-0.55_0.1_0.9_0.135.png,"the header cells 'No. F02-QP9.1 / Revision No. 02 / Revision Date Oct-23' describe the form template, not the submittal",,,,,,
F002,29255,2,C:/t/r2x/r32-stage/renders/F002-p2.png,"SAIFCO Material Submittal form (Khatib & Alami engineer), a different submittal and project from page 1",decision,present,(B) Proceed as Noted,,approved as noted,,,,resolved,consultant (FOR ENGINEER'S USE ONLY; Khatib & Alami),"[0.63, 0.36, 0.8, 0.375]",C:/t/r2x/r32-stage/crops/F002-p2-0.62_0.32_0.85_0.4.png,engineer's comments signed 01-03-2024; owner's representative block unmarked,,,,,,
F002,29255,3,C:/t/r2x/r32-stage/renders/F002-p3.png,"Material Documents Submittals (Enclosures) Checklist, continuation of the page-2 form",identity,absent,,,,,,,,,,,,,,,,,
F002,29255,3,C:/t/r2x/r32-stage/renders/F002-p3.png,"Material Documents Submittals (Enclosures) Checklist, continuation of the page-2 form",revision,absent,,,,,,,,,,,,,,,,,
F002,29255,3,C:/t/r2x/r32-stage/renders/F002-p3.png,"Material Documents Submittals (Enclosures) Checklist, continuation of the page-2 form",decision,absent,,,,no_decision_area,,,,,,,,,,,,,
F002,29255,4,C:/t/r2x/r32-stage/renders/F002-p4.png,"SAIFCO Material Submittal form, same submittal as page 2 at an earlier revision",identity,present,SAIFCO-351-MEP-MAR-EL-12,,,,Ref No:,own submittal reference number,resolved,,"[0.66, 0.13, 0.84, 0.142]",C:/t/r2x/r32-stage/crops/F002-p4-0.55_0.12_0.9_0.155.png,,,,,,,
F002,29255,4,C:/t/r2x/r32-stage/renders/F002-p4.png,"SAIFCO Material Submittal form, same submittal as page 2 at an earlier revision",revision,present,1,,,,Revision:,revision of this submittal,resolved,,"[0.8, 0.142, 0.88, 0.152]",C:/t/r2x/r32-stage/crops/F002-p4-0.55_0.12_0.9_0.155.png,,,,,,,
F002,29255,4,C:/t/r2x/r32-stage/renders/F002-p4.png,"SAIFCO Material Submittal form, same submittal as page 2 at an earlier revision",decision,present,(B) Proceed as Noted,,approved as noted,,,,resolved,consultant (FOR ENGINEER'S USE ONLY; Khatib & Alami),"[0.63, 0.37, 0.8, 0.385]",C:/t/r2x/r32-stage/crops/F002-p4-0.6_0.33_0.84_0.41.png,poor-quality scan; the tick runs through the (B) box; (A) box shows a faint mark that is not a tick | engineer's comments signed 6/2/2024,,,,,,
F003,29255,1,C:/t/r2x/r32-stage/renders/F003-p1.png,shop drawing submittal form enclosing one shop drawing,identity,present,NBC-JGH-SCALE-SDS-MEP-ELE-TEL-2025-0002- R00,,,,Reference:,own submittal reference of this form,resolved,,"[0.47, 0.222, 0.82, 0.236]",C:/t/r2x/r32-stage/crops/F003-p1-0.1_0.215_0.92_0.33.png,printed with a space after the last hyphen before R00; kept as printed,,,,,,
F003,29255,1,C:/t/r2x/r32-stage/renders/F003-p1.png,shop drawing submittal form enclosing one shop drawing,revision,present,R00,,,,(none: suffix of the Reference),suffix of the printed document number,uncertain,,"[0.78, 0.222, 0.82, 0.236]",C:/t/r2x/r32-stage/crops/F003-p1-0.1_0.215_0.92_0.33.png,the form has no revision cell of its own; the attachment table's Revision column (00) belongs to the enclosed drawing ET-101; both read 00,,,,,,
F003,29255,1,C:/t/r2x/r32-stage/renders/F003-p1.png,shop drawing submittal form enclosing one shop drawing,decision,present,APPROVED AS NOTED,,approved as noted,,,,resolved,"consultant (THE ENGINEER: LACASA; Reviewed By / For The Engineer signatures, 8/8/2025)","[0.2, 0.785, 0.31, 0.83]",C:/t/r2x/r32-stage/crops/F003-p1-0.1_0.77_0.8_0.84.png,ACTION (As Marked): the APPROVED AS NOTED option and its box are circled by hand; engineer comment refers to comments on the shop drawing,,,,,,
F004,29255,1,C:/t/r2x/r32-stage/renders/F004-p1.png,shop drawing submittal form enclosing one shop drawing,identity,present,NBC-JGH-SCALE-SDS-MEP-ELE-TEL-2025-0004- R00,,,,Reference:,own submittal reference of this form,resolved,,"[0.47, 0.222, 0.82, 0.236]",C:/t/r2x/r32-stage/crops/F004-p1-0.1_0.215_0.92_0.33.png,printed with a space after the last hyphen before R00; kept as printed,,,,,,
F004,29255,1,C:/t/r2x/r32-stage/renders/F004-p1.png,shop drawing submittal form enclosing one shop drawing,revision,present,R00,,,,(none: suffix of the Reference),suffix of the printed document number,uncertain,,"[0.78, 0.222, 0.82, 0.236]",C:/t/r2x/r32-stage/crops/F004-p1-0.1_0.215_0.92_0.33.png,the form has no revision cell of its own; the attachment table's Revision column (00) belongs to the enclosed drawing ET-103; both read 00,,,,,,
F004,29255,1,C:/t/r2x/r32-stage/renders/F004-p1.png,shop drawing submittal form enclosing one shop drawing,decision,present,APPROVED AS NOTED,,approved as noted,,,,resolved,"consultant (THE ENGINEER: LACASA; Reviewed By / For The Engineer signatures, 8/8/2025)","[0.2, 0.785, 0.31, 0.83]",C:/t/r2x/r32-stage/crops/F004-p1-0.1_0.77_0.8_0.84.png,ACTION (As Marked): the APPROVED AS NOTED option and its box are circled by hand; engineer comment refers to comments on the shop drawing,,,,,,
F005,29255,1,C:/t/r2x/r32-stage/renders/F005-p1.png,shop drawing submittal form enclosing one shop drawing,identity,present,NBC-JGH-SCALE-SDS-MEP-ELE-CCTV-2025-0004- R00,,,,Reference:,own submittal reference of this form,resolved,,"[0.47, 0.222, 0.82, 0.236]",C:/t/r2x/r32-stage/crops/F005-p1-0.1_0.215_0.92_0.33.png,printed with a space after the last hyphen before R00; kept as printed,,,,,,
F005,29255,1,C:/t/r2x/r32-stage/renders/F005-p1.png,shop drawing submittal form enclosing one shop drawing,revision,present,R00,,,,(none: suffix of the Reference),suffix of the printed document number,uncertain,,"[0.78, 0.222, 0.82, 0.236]",C:/t/r2x/r32-stage/crops/F005-p1-0.1_0.215_0.92_0.33.png,the form has no revision cell of its own; the attachment table's Revision column (00) belongs to the enclosed drawing EC-103; both read 00,,,,,,
F005,29255,1,C:/t/r2x/r32-stage/renders/F005-p1.png,shop drawing submittal form enclosing one shop drawing,decision,present,APPROVED AS NOTED,,approved as noted,,,,resolved,"consultant (THE ENGINEER: LACASA; Reviewed By / For The Engineer signatures, 8/8/2025)","[0.2, 0.785, 0.31, 0.83]",C:/t/r2x/r32-stage/crops/F005-p1-0.1_0.77_0.8_0.84.png,ACTION (As Marked): the APPROVED AS NOTED option and its box are circled by hand; engineer comment refers to comments on the shop drawing,,,,,,
F006,29255,1,C:/t/r2x/r32-stage/renders/F006-p1.png,material approval submittal form (photograph of the printed form),identity,present,NBC-JGH-SCALE-MAS-MEP-ELE-LC-2025-007- R02,,,,Reference:,own submittal reference of this form,resolved,,"[0.45, 0.225, 0.69, 0.236]",C:/t/r2x/r32-stage/crops/F006-p1-0.4_0.22_0.8_0.245.png,"photograph, slightly soft but each character readable; space after the last hyphen before R02 kept as printed",,,,,,
F006,29255,1,C:/t/r2x/r32-stage/renders/F006-p1.png,material approval submittal form (photograph of the printed form),revision,present,R02,,,,(none: suffix of the Reference),suffix of the printed document number,uncertain,,"[0.66, 0.225, 0.69, 0.236]",C:/t/r2x/r32-stage/crops/F006-p1-0.4_0.22_0.8_0.245.png,the form has no revision cell,,,,,,
F006,29255,1,C:/t/r2x/r32-stage/renders/F006-p1.png,material approval submittal form (photograph of the printed form),decision,present,APPROVED AS NOTED,,approved as noted,,,,resolved,"consultant (THE ENGINEER: LACASA; Reviewed By and For The Engineer signatures, 15-8-25)","[0.27, 0.615, 0.34, 0.64]",C:/t/r2x/r32-stage/crops/F006-p1-0.18_0.6_0.82_0.66.png,"the mark is a long stroke rather than a tick; read as marking that box | ACTION (As Marked): a pen stroke runs through the APPROVED AS NOTED box; the other boxes are empty; engineer comment refers to the attached comments (page 2, Approved as Noted)",,,,,,
F006,29255,2,C:/t/r2x/r32-stage/renders/F006-p2.png,LACASA consultant comment sheet for the submittal (Page 1 of 1),identity,present,NBC-JGH-SCALE-MAS-MEP-ELE-2025-007-R02,,,,Submittal Ref No.,number of the submittal this comment sheet belongs to,resolved,,"[0.38, 0.247, 0.65, 0.258]",C:/t/r2x/r32-stage/crops/F006-p2-0.2_0.22_0.7_0.31.png,printed without the '-LC' segment and without the space seen on page 1; kept as printed on this page,,,,,,
F006,29255,2,C:/t/r2x/r32-stage/renders/F006-p2.png,LACASA consultant comment sheet for the submittal (Page 1 of 1),revision,present,R02,,,,(none: suffix of the Submittal Ref No.),suffix of the printed document number,uncertain,,"[0.62, 0.247, 0.65, 0.258]",C:/t/r2x/r32-stage/crops/F006-p2-0.2_0.22_0.7_0.31.png,,,,,,,
F006,29255,2,C:/t/r2x/r32-stage/renders/F006-p2.png,LACASA consultant comment sheet for the submittal (Page 1 of 1),decision,present,Approved as Noted,,approved as noted,,,,resolved,"consultant (LACASA, Mohamad El Haj, Sr. Electrical Engineer, signed)","[0.2, 0.295, 0.33, 0.308]",C:/t/r2x/r32-stage/crops/F006-p2-0.2_0.22_0.7_0.31.png,heading of the consultant comment list (10 comments) under the submittal reference,,,,,,
F007,29255,1,C:/t/r2x/r32-stage/renders/F007-p1.png,shop drawing submittal form,identity,present,NBC-JGH-SCALE-SDS-MEP-ELE-TEL-2025-0009- R00,,,,Reference:,own submittal reference of this form,resolved,,"[0.47, 0.203, 0.83, 0.215]",C:/t/r2x/r32-stage/crops/F007-p1-0.45_0.2_0.85_0.215.png,,,,,,,
F007,29255,1,C:/t/r2x/r32-stage/renders/F007-p1.png,shop drawing submittal form,revision,present,R00,,,,(none: suffix of the Reference),suffix of the printed document number,uncertain,,"[0.8, 0.203, 0.83, 0.215]",C:/t/r2x/r32-stage/crops/F007-p1-0.45_0.2_0.85_0.215.png,no revision cell on the form; attachment-table Revision 00 belongs to drawing EA-201,,,,,,
F007,29255,1,C:/t/r2x/r32-stage/renders/F007-p1.png,shop drawing submittal form,decision,present,APPROVED AS NOTED,,approved as noted,,,,resolved,"consultant (LACASA; Reviewed By and For The Engineer signatures, 4-9-25)","[0.24, 0.8, 0.29, 0.83]",C:/t/r2x/r32-stage/crops/F007-p1-0.08_0.79_0.8_0.84.png,ACTION (As Marked): the APPROVED AS NOTED box carries a diagonal tick,,,,,,
F007,29255,2,C:/t/r2x/r32-stage/renders/F007-p2.png,shop drawing sheet EA-201 (A1),identity,present,EA-201,,,,DRAWING NO:,own drawing number in the title block,resolved,,"[0.9, 0.955, 0.95, 0.975]",C:/t/r2x/r32-stage/crops/F007-p2-0.81_0.92_0.99_0.98.png,,,,,,,
F007,29255,2,C:/t/r2x/r32-stage/renders/F007-p2.png,shop drawing sheet EA-201 (A1),revision,present,00,,,,REVISION:,current revision cell in the title block,resolved,,"[0.96, 0.96, 0.98, 0.975]",C:/t/r2x/r32-stage/crops/F007-p2-0.81_0.92_0.99_0.98.png,revision table row 00 28.08.2025 ISSUED FOR APPROVAL agrees,,,,,,
F007,29255,2,C:/t/r2x/r32-stage/renders/F007-p2.png,shop drawing sheet EA-201 (A1),decision,present,CODE B - APPROVED AS NOTED,,approved as noted,,,,resolved,"consultant (LACASA shop drawing review stamp, JOB NO : 620, signed)","[0.815, 0.675, 0.88, 0.73]",C:/t/r2x/r32-stage/crops/F007-p2-0.8_0.66_0.9_0.74.png,stamp placed on this sheet beside the title block; handwritten 'subject to Etisalat approval' nearby; the title-block ENGINEER'S COMMENTS boxes are all empty,,,,,,
F008,27331,1,C:/t/r2x/r32-stage/renders/F008-p1.png,Document Submittal form (cover of the package),identity,present,B01-ASC-SD-ELE-0102,,,,Submittal Ref.No.,own submittal reference of the package,resolved,,"[0.25, 0.157, 0.45, 0.172]",C:/t/r2x/r32-stage/crops/F008-p1-0.16_0.155_0.92_0.175.png,,,,,,,
F008,27331,1,C:/t/r2x/r32-stage/renders/F008-p1.png,Document Submittal form (cover of the package),revision,present,00,,,,Rev. No.,revision of this submittal,resolved,,"[0.59, 0.157, 0.61, 0.172]",C:/t/r2x/r32-stage/crops/F008-p1-0.16_0.155_0.92_0.175.png,,,,,,,
F008,27331,1,C:/t/r2x/r32-stage/renders/F008-p1.png,Document Submittal form (cover of the package),decision,present,Code B,,approved as noted,,,,resolved,"consultant (Mirage; M.H Sr. Resident Engineer - MLD, signed 11/6/2025; electrical reviewer Bipin Mathew 11.06.2025)","[0.33, 0.655, 0.42, 0.672]",C:/t/r2x/r32-stage/crops/F008-p1-0.16_0.64_0.92_0.68.png,"literal is the code; meaning from the legend on the same page | Code B box filled green, ticked and circled; the printed legend reads 'B-Approved with comments'",,,,,,
F008,27331,2,C:/t/r2x/r32-stage/renders/F008-p2.png,contractor (Al Sahel) J269 CIRCULATION stamp sheet,identity,absent,,,,,,,,,,,only a handwritten contractor file note 'SD-ELE-102_B' above the circulation stamp; not a printed own document number of this page,,,,,,
F008,27331,2,C:/t/r2x/r32-stage/renders/F008-p2.png,contractor (Al Sahel) J269 CIRCULATION stamp sheet,revision,absent,,,,,,,,,,,,,,,,,
F008,27331,2,C:/t/r2x/r32-stage/renders/F008-p2.png,contractor (Al Sahel) J269 CIRCULATION stamp sheet,decision,absent,,,,no_decision_area,,,,,,,internal circulation ticks are not a review decision,,,,,,
F008,27331,3,C:/t/r2x/r32-stage/renders/F008-p3.png,DRAWING REGISTER of the submittal (5 drawings + lux calculation),identity,present,B01-ASC-SD-ELE-0102,,,,Submittal Ref:,submittal reference of the package this register belongs to,resolved,,"[0.04, 0.155, 0.31, 0.167]",C:/t/r2x/r32-stage/renders/F008-p3.png,printed as 'B01-ASC-SD-ELE-0102-Rev.00'; the '-Rev.00' tail carries its own 'Rev.' label and is recorded under revision,,,,,,
F008,27331,3,C:/t/r2x/r32-stage/renders/F008-p3.png,DRAWING REGISTER of the submittal (5 drawings + lux calculation),revision,present,00,,,,Rev. (in 'B01-ASC-SD-ELE-0102-Rev.00'),labelled revision appended to the submittal reference,resolved,,"[0.27, 0.155, 0.31, 0.167]",C:/t/r2x/r32-stage/renders/F008-p3.png,,,,,,,
F008,27331,3,C:/t/r2x/r32-stage/renders/F008-p3.png,DRAWING REGISTER of the submittal (5 drawings + lux calculation),decision,present,B,,approved as noted,,,,uncertain,consultant (Status entries in a different typeface from the register),"[0.7, 0.3, 0.77, 0.485]",C:/t/r2x/r32-stage/renders/F008-p3.png,"one 'B' per listed drawing in the Status column (6 rows), not a single decision of the register page; who wrote them is not printed",,,,,,
F008,27331,4,C:/t/r2x/r32-stage/renders/F008-p4.png,shop drawing sheet: Tower 1 35th floor plan - lower MEP emergency lighting layout (A1),identity,present,B01-02-ASC_EGTS-T01_L35-SD-EML-0013,,,,DRAWING NO.,own drawing number in the title block,resolved,,"[0.855, 0.948, 0.947, 0.954]",C:/t/r2x/r32-stage/crops/F008-p4-0.84_0.935_0.99_0.97.png,,,,,,,
F008,27331,4,C:/t/r2x/r32-stage/renders/F008-p4.png,shop drawing sheet: Tower 1 35th floor plan - lower MEP emergency lighting layout (A1),revision,present,00,,,,REVISION,current revision cell in the title block,resolved,,"[0.958, 0.957, 0.97, 0.966]",C:/t/r2x/r32-stage/crops/F008-p4-0.84_0.935_0.99_0.97.png,revision table row 00 20/05/2025 ISSUED FOR APPROVAL agrees,,,,,,
F008,27331,4,C:/t/r2x/r32-stage/renders/F008-p4.png,shop drawing sheet: Tower 1 35th floor plan - lower MEP emergency lighting layout (A1),decision,present,B Approved with comments,,approved as noted,,,,resolved,"consultant (Mirage Leisure And Development review block, Reviewed By Bipin Mathew, 11.06.2025)","[0.86, 0.215, 0.92, 0.25]",C:/t/r2x/r32-stage/crops/F008-p4-0.84_0.19_0.98_0.27.png,the B cell of the A-E review block in the right-hand title strip is highlighted green,,,,,,
F009,27331,1,C:/t/r2x/r32-stage/renders/F009-p1.png,Document Submittal form (cover of the package),identity,present,B01-ASC-SD-ELE-0034,,,,Submittal Ref.No.,own submittal reference of the package,resolved,,"[0.25, 0.167, 0.45, 0.178]",C:/t/r2x/r32-stage/crops/F009-p1-0.16_0.165_0.92_0.18.png,,,,,,,
F009,27331,1,C:/t/r2x/r32-stage/renders/F009-p1.png,Document Submittal form (cover of the package),revision,present,0,,,,Rev. No.,revision of this submittal,resolved,,"[0.59, 0.167, 0.61, 0.178]",C:/t/r2x/r32-stage/crops/F009-p1-0.16_0.165_0.92_0.18.png,,,,,,,
F009,27331,1,C:/t/r2x/r32-stage/renders/F009-p1.png,Document Submittal form (cover of the package),decision,present,Code B,,approved as noted,,,,resolved,consultant (Mirage; electrical reviewer Syed shaber 07/05/25; M.H Sr. Resident Engineer - MLD signed 7/5/2025),"[0.34, 0.668, 0.41, 0.684]",C:/t/r2x/r32-stage/crops/F009-p1-0.16_0.66_0.92_0.69.png,red tick in the Code B box; legend 'B-Approved with comments' on the same page,,,,,,
F009,27331,2,C:/t/r2x/r32-stage/renders/F009-p2.png,contractor (Al Sahel) J269 CIRCULATION stamp sheet,identity,absent,,,,,,,,,,,handwritten contractor note 'SD-ELE-34-(B)' only,,,,,,
F009,27331,2,C:/t/r2x/r32-stage/renders/F009-p2.png,contractor (Al Sahel) J269 CIRCULATION stamp sheet,revision,absent,,,,,,,,,,,,,,,,,
F009,27331,2,C:/t/r2x/r32-stage/renders/F009-p2.png,contractor (Al Sahel) J269 CIRCULATION stamp sheet,decision,absent,,,,no_decision_area,,,,,,,the circled B in the contractor's handwritten note restates the code; it is not the reviewing party's decision,,,,,,
F009,27331,3,C:/t/r2x/r32-stage/renders/F009-p3.png,DRAWING REGISTER of the submittal (4 sheets),identity,present,B01-ASC-SD-ELE-0034,,,,Submittal Ref:,submittal reference of the package this register belongs to,resolved,,"[0.03, 0.155, 0.3, 0.167]",C:/t/r2x/r32-stage/renders/F009-p3.png,printed as 'B01-ASC-SD-ELE-0034-Rev.00',,,,,,
F009,27331,3,C:/t/r2x/r32-stage/renders/F009-p3.png,DRAWING REGISTER of the submittal (4 sheets),revision,present,00,,,,Rev. (in 'B01-ASC-SD-ELE-0034-Rev.00'),labelled revision appended to the submittal reference,resolved,,"[0.26, 0.155, 0.3, 0.167]",C:/t/r2x/r32-stage/renders/F009-p3.png,the cover page prints Rev. No. 0; this page prints Rev.00,,,,,,
F009,27331,3,C:/t/r2x/r32-stage/renders/F009-p3.png,DRAWING REGISTER of the submittal (4 sheets),decision,absent,,,,blank_decision_area,,,,,,,the Status column of the register is empty,,,,,,
F009,27331,4,C:/t/r2x/r32-stage/renders/F009-p4.png,"shop drawing sheet: 5th floor fire alarm & voice evacuation layout overall, sheet 1 of 4 (A1)",identity,present,B01-02-ASC_EGTS-P05-SD-FA-0006,,,,DRAWING NO.,own drawing number in the title block,resolved,,"[0.869, 0.963, 0.95, 0.97]",C:/t/r2x/r32-stage/crops/F009-p4-0.86_0.955_0.995_0.985.png,,,,,,,
F009,27331,4,C:/t/r2x/r32-stage/renders/F009-p4.png,"shop drawing sheet: 5th floor fire alarm & voice evacuation layout overall, sheet 1 of 4 (A1)",revision,present,00,,,,REVISION,current revision cell in the title block,resolved,,"[0.976, 0.973, 0.984, 0.982]",C:/t/r2x/r32-stage/crops/F009-p4-0.86_0.955_0.995_0.985.png,,,,,,,
F009,27331,4,C:/t/r2x/r32-stage/renders/F009-p4.png,"shop drawing sheet: 5th floor fire alarm & voice evacuation layout overall, sheet 1 of 4 (A1)",decision,present,B Approved with comments,,approved as noted,,,,resolved,consultant (Mirage Leisure And Development review block),"[0.885, 0.215, 0.91, 0.24]",C:/t/r2x/r32-stage/crops/F009-p4-0.86_0.19_0.99_0.27.png,"the B cell of the A-E review block is highlighted (pale pink); Date Reviewed and Reviewed By are blank, so the actor is inferred from the consultant review block itself",,,,,,
F010,3563,1,C:/t/r2x/r32-stage/renders/F010-p1.png,"shop drawing sheet (A1, scanned)",identity,present,FAM-PIV-MAH-SPD-FAS-2633-002C,,,,DWG. NO:,own drawing number in the title block,resolved,,"[0.865, 0.955, 0.94, 0.965]",C:/t/r2x/r32-stage/crops/F010-p1-0.86_0.9_0.98_0.97.png,,,,,,,
F010,3563,1,C:/t/r2x/r32-stage/renders/F010-p1.png,"shop drawing sheet (A1, scanned)",revision,present,02,,,,Rev. no.,current revision cell in the title block,resolved,,"[0.95, 0.955, 0.97, 0.965]",C:/t/r2x/r32-stage/crops/F010-p1-0.86_0.9_0.98_0.97.png,"revision table rows 00 22-02-16 ISSUED FOR APPROVAL, 01 19-03-16 and 02 06-04-16 AS PER CONSULTANT COMMENTS agree",,,,,,
F010,3563,1,C:/t/r2x/r32-stage/renders/F010-p1.png,"shop drawing sheet (A1, scanned)",decision,present,APPROVED AS NOTED,,approved as noted,,,,resolved,"consultant (Dewan Architects + Engineers REVIEW NOTE stamp, initialled N.H, 25.4.16)","[0.935, 0.635, 0.985, 0.645]",C:/t/r2x/r32-stage/crops/F010-p1-0.88_0.59_0.99_0.7.png,the red stroke drawn from the reviewer's date and initials ends inside the APPROVED AS NOTED box; no other box is marked | stamp in the consultant cell of the title strip,,,,,,
F011,29255,1,C:/t/r2x/r32-stage/renders/F011-p1.png,shop drawing submittal form,identity,present,NBC-JGH-SCALE-SDS-MEP-ELE-TEL-2025-0010- R00,,,,Reference:,own submittal reference of this form,resolved,,"[0.47, 0.207, 0.83, 0.218]",C:/t/r2x/r32-stage/crops/F011-p1-0.45_0.205_0.85_0.22.png,,,,,,,
F011,29255,1,C:/t/r2x/r32-stage/renders/F011-p1.png,shop drawing submittal form,revision,present,R00,,,,(none: suffix of the Reference),suffix of the printed document number,uncertain,,"[0.8, 0.207, 0.83, 0.218]",C:/t/r2x/r32-stage/crops/F011-p1-0.45_0.205_0.85_0.22.png,no revision cell on the form; attachment-table Revision 00 belongs to drawing FCC-CO-100,,,,,,
F011,29255,1,C:/t/r2x/r32-stage/renders/F011-p1.png,shop drawing submittal form,decision,present,REVISE AND RESUBMIT,,revise and resubmit,,,,resolved,"consultant (LACASA; Reviewed By signature in red 26-9-25, For The Engineer signature)","[0.33, 0.8, 0.43, 0.83]",C:/t/r2x/r32-stage/crops/F011-p1-0.08_0.79_0.8_0.84.png,ACTION (As Marked): a red tick runs through the REVISE AND RESUBMIT box,,,,,,
F011,29255,2,C:/t/r2x/r32-stage/renders/F011-p2.png,shop drawing sheet FCC-CO-100 (A1) with red consultant mark-ups,identity,present,FCC-CO-100,,,,DRAWING NO:,own drawing number in the title block,resolved,,"[0.85, 0.962, 0.89, 0.972]",C:/t/r2x/r32-stage/crops/F011-p2-0.81_0.935_0.92_0.98.png,,,,,,,
F011,29255,2,C:/t/r2x/r32-stage/renders/F011-p2.png,shop drawing sheet FCC-CO-100 (A1) with red consultant mark-ups,revision,present,00,,,,REVISION:,current revision cell in the title block,resolved,,"[0.9, 0.965, 0.915, 0.975]",C:/t/r2x/r32-stage/crops/F011-p2-0.81_0.935_0.92_0.98.png,,,,,,,
F011,29255,2,C:/t/r2x/r32-stage/renders/F011-p2.png,shop drawing sheet FCC-CO-100 (A1) with red consultant mark-ups,decision,present,CODE C - REVISE & RESUBMIT,,revise and resubmit,,,,resolved,"consultant (LACASA shop drawing review stamp, JOB NO : 620, signed in red)","[0.93, 0.765, 0.98, 0.775]",C:/t/r2x/r32-stage/crops/F011-p2-0.92_0.73_1_0.81.png,stamp at the right edge beside the title block; red tick in the CODE C box,,,,,,
F012,3563,1,C:/t/r2x/r32-stage/renders/F012-p1.png,"shop drawing sheet (A1, scanned)",identity,present,FAM-PIV-MAH-SPD-FA-2633-007 A,,,,DWG. NO:,own drawing number in the title block,resolved,,"[0.825, 0.925, 0.9, 0.935]",C:/t/r2x/r32-stage/crops/F012-p1-0.8_0.89_0.92_0.94.png,printed with a space before the final 'A' (sheet part),,,,,,
F012,3563,1,C:/t/r2x/r32-stage/renders/F012-p1.png,"shop drawing sheet (A1, scanned)",revision,present,01,,,,Rev. no.,current revision cell in the title block,resolved,,"[0.905, 0.925, 0.92, 0.935]",C:/t/r2x/r32-stage/crops/F012-p1-0.8_0.89_0.92_0.94.png,revision table rows 00 05-05-16 ISSUED FOR APPROVAL and 01 09-05-16 AS PER CONSULTANT COMMENTS agree,,,,,,
F012,3563,1,C:/t/r2x/r32-stage/renders/F012-p1.png,"shop drawing sheet (A1, scanned)",decision,present,APPROVED AS NOTED,,approved as noted,,,,resolved,"consultant (Dewan Architects + Engineers REVIEW NOTE stamp, dated 16.5.16 with initials)","[0.925, 0.675, 0.965, 0.685]",C:/t/r2x/r32-stage/crops/F012-p1-0.9_0.62_1_0.74.png,stamp partly faded and cut by the sheet edge; the ticked line is legible | stamp at the right edge of the sheet beside the consultant cell; red tick in the APPROVED AS NOTED box,,,,,,
F013,27331,1,C:/t/r2x/r32-stage/renders/F013-p1.png,Document Submittal form (cover of the package),identity,present,B01-ASC-SD-ELE-0060,,,,Submittal Ref.No.,own submittal reference of the package,resolved,,"[0.25, 0.167, 0.45, 0.178]",C:/t/r2x/r32-stage/crops/F013-p1-0.16_0.165_0.92_0.18.png,,,,,,,
F013,27331,1,C:/t/r2x/r32-stage/renders/F013-p1.png,Document Submittal form (cover of the package),revision,present,0,,,,Rev. No.,revision of this submittal,resolved,,"[0.59, 0.167, 0.61, 0.178]",C:/t/r2x/r32-stage/crops/F013-p1-0.16_0.165_0.92_0.18.png,,,,,,,
F013,27331,1,C:/t/r2x/r32-stage/renders/F013-p1.png,Document Submittal form (cover of the package),decision,present,Code B,,approved as noted,,,,resolved,consultant (Mirage; electrical reviewer Bipin Mathew 02/06/2025; M.H Sr. Resident Engineer - MLD signed 02/06/2025),"[0.33, 0.668, 0.42, 0.684]",C:/t/r2x/r32-stage/crops/F013-p1-0.16_0.66_0.92_0.69.png,"the code box is marked; the printed legend on the same page reads 'A-Approved, B-Approved with comments, C-Not Approved (Re-submit within 14 days), D-Incomplete, Resubmit, E-Submitted for Information' (box filled red and clouded)",,,,,,
F013,27331,2,C:/t/r2x/r32-stage/renders/F013-p2.png,contractor (Al Sahel) J269 CIRCULATION stamp sheet,identity,absent,,,,,,,,,,,handwritten contractor note 'SD-ELE-0060_B' only,,,,,,
F013,27331,2,C:/t/r2x/r32-stage/renders/F013-p2.png,contractor (Al Sahel) J269 CIRCULATION stamp sheet,revision,absent,,,,,,,,,,,,,,,,,
F013,27331,2,C:/t/r2x/r32-stage/renders/F013-p2.png,contractor (Al Sahel) J269 CIRCULATION stamp sheet,decision,absent,,,,no_decision_area,,,,,,,contractor circulation ticks and the handwritten code note are not the reviewing party's decision,,,,,,
F013,27331,3,C:/t/r2x/r32-stage/renders/F013-p3.png,DRAWING REGISTER of the submittal (1 listed item(s)),identity,present,B01-ASC-SD-ELE-0060,,,,Submittal Ref:,submittal reference of the package this register belongs to,resolved,,"[0.03, 0.155, 0.3, 0.167]",C:/t/r2x/r32-stage/crops/F013-p3-0.03_0.15_0.8_0.33.png,printed as 'B01-ASC-SD-ELE-0060-Rev.00',,,,,,
F013,27331,3,C:/t/r2x/r32-stage/renders/F013-p3.png,DRAWING REGISTER of the submittal (1 listed item(s)),revision,present,00,,,,Rev. (in 'B01-ASC-SD-ELE-0060-Rev.00'),labelled revision appended to the submittal reference,resolved,,"[0.26, 0.155, 0.3, 0.167]",C:/t/r2x/r32-stage/crops/F013-p3-0.03_0.15_0.8_0.33.png,,,,,,,
F013,27331,3,C:/t/r2x/r32-stage/renders/F013-p3.png,DRAWING REGISTER of the submittal (1 listed item(s)),decision,present,B,,approved as noted,,,,uncertain,consultant (Status entries in a different typeface from the register),"[0.7, 0.29, 0.77, 0.33]",C:/t/r2x/r32-stage/crops/F013-p3-0.03_0.15_0.8_0.33.png,"status letter(s) written per listed drawing in the Status column (1 row(s)), not a single decision printed for the register page; who wrote them is not printed",,,,,,
F013,27331,4,C:/t/r2x/r32-stage/renders/F013-p4.png,shop drawing sheet: Tower 1 25th to 34th floor plan (tier 1) fire alarm & voice evacuation layout (A1),identity,present,B01-02-ASC_EGTS-T01_L25_34-SD-FA-0012,,,,DRAWING NO.,own drawing number in the title block,resolved,,"[0.864, 0.963, 0.964, 0.97]",C:/t/r2x/r32-stage/crops/F013-p4-0.86_0.955_0.995_0.985.png,,,,,,,
F013,27331,4,C:/t/r2x/r32-stage/renders/F013-p4.png,shop drawing sheet: Tower 1 25th to 34th floor plan (tier 1) fire alarm & voice evacuation layout (A1),revision,present,00,,,,REVISION,current revision cell in the title block,resolved,,"[0.976, 0.973, 0.984, 0.982]",C:/t/r2x/r32-stage/crops/F013-p4-0.86_0.955_0.995_0.985.png,,,,,,,
F013,27331,4,C:/t/r2x/r32-stage/renders/F013-p4.png,shop drawing sheet: Tower 1 25th to 34th floor plan (tier 1) fire alarm & voice evacuation layout (A1),decision,present,B Approved with comments,,approved as noted,,,,resolved,"consultant (Mirage Leisure And Development review block, Reviewed By Bipin Mathew, 02.06.2025)","[0.885, 0.215, 0.91, 0.24]",C:/t/r2x/r32-stage/crops/F013-p4-0.86_0.19_0.99_0.27.png,the B cell of the A-E review block in the right-hand title strip is highlighted (green),,,,,,
F014,3563,1,C:/t/r2x/r32-stage/renders/F014-p1.png,Dewan design drawing general arrangement plan - first floor fire protection layout (A1) bearing the Civil Defence approved-plans stamp,identity,present,103,,,,DRAWING NO.,own drawing number in the title block,resolved,,"[0.935, 0.955, 0.97, 0.975]",C:/t/r2x/r32-stage/crops/F014-p1-0.9_0.9_0.99_0.98.png,"the drawing number is printed in its own cell next to a separate DISCIPLINE cell 'FP' (split cells, convention 3); the combined form 'FP-103' is not printed as one value",,,,,,
F014,3563,1,C:/t/r2x/r32-stage/renders/F014-p1.png,Dewan design drawing general arrangement plan - first floor fire protection layout (A1) bearing the Civil Defence approved-plans stamp,revision,present,01,,,,REVISION,current revision cell in the title block,resolved,,"[0.965, 0.955, 0.985, 0.975]",C:/t/r2x/r32-stage/crops/F014-p1-0.9_0.9_0.99_0.98.png,,,,,,,
F014,3563,1,C:/t/r2x/r32-stage/renders/F014-p1.png,Dewan design drawing general arrangement plan - first floor fire protection layout (A1) bearing the Civil Defence approved-plans stamp,decision,present,مخططات معتمدة / APPROVED,,approved,,,,resolved,"authority (UAE Ministry of Interior, General Directorate of Civil Defence - Dubai, Preventive Safety Department, plan approval section: stamp text)","[0.84, 0.02, 1.0, 0.33]",C:/t/r2x/r32-stage/crops/F014-p1-0.84_0.02_1_0.35.png,"a faint yellow 'FOR INFORMATION ONLY' box is also printed in the notes column; read as the issuer's sheet status, not the authority decision; reviewer to rule | the round approved-plans stamp (transaction 253708-37-1, 15/01/17, plot 6742010) and a yellow 'APPROVED' mark sit on this sheet",,,,,,
F014,3563,2,C:/t/r2x/r32-stage/renders/F014-p2.png,Dewan design drawing first floor plan part A fire protection layout (A1) bearing the Civil Defence approved-plans stamp,identity,present,103A,,,,DRAWING NO.,own drawing number in the title block,resolved,,"[0.935, 0.955, 0.97, 0.975]",C:/t/r2x/r32-stage/crops/F014-p2-0.9_0.9_0.99_0.98.png,"the drawing number is printed in its own cell next to a separate DISCIPLINE cell 'FP' (split cells, convention 3); the combined form 'FP-103A' is not printed as one value",,,,,,
F014,3563,2,C:/t/r2x/r32-stage/renders/F014-p2.png,Dewan design drawing first floor plan part A fire protection layout (A1) bearing the Civil Defence approved-plans stamp,revision,present,01,,,,REVISION,current revision cell in the title block,resolved,,"[0.965, 0.955, 0.985, 0.975]",C:/t/r2x/r32-stage/crops/F014-p2-0.9_0.9_0.99_0.98.png,,,,,,,
F014,3563,2,C:/t/r2x/r32-stage/renders/F014-p2.png,Dewan design drawing first floor plan part A fire protection layout (A1) bearing the Civil Defence approved-plans stamp,decision,present,مخططات معتمدة / APPROVED,,approved,,,,resolved,"authority (UAE Ministry of Interior, General Directorate of Civil Defence - Dubai, Preventive Safety Department, plan approval section: stamp text)","[0.84, 0.02, 1.0, 0.33]",C:/t/r2x/r32-stage/crops/F014-p2-0.84_0.02_1_0.35.png,"a faint yellow 'FOR INFORMATION ONLY' box is also printed in the notes column; read as the issuer's sheet status, not the authority decision; reviewer to rule | the round approved-plans stamp (transaction 253708-37-1, 15/01/17, plot 6742010) and a yellow 'APPROVED' mark sit on this sheet",,,,,,
F014,3563,3,C:/t/r2x/r32-stage/renders/F014-p3.png,Dewan design drawing first floor plan part B fire protection layout (A1) bearing the Civil Defence approved-plans stamp,identity,present,103B,,,,DRAWING NO.,own drawing number in the title block,resolved,,"[0.935, 0.955, 0.97, 0.975]",C:/t/r2x/r32-stage/crops/F014-p3-0.9_0.9_0.99_0.98.png,"the drawing number is printed in its own cell next to a separate DISCIPLINE cell 'FP' (split cells, convention 3); the combined form 'FP-103B' is not printed as one value",,,,,,
F014,3563,3,C:/t/r2x/r32-stage/renders/F014-p3.png,Dewan design drawing first floor plan part B fire protection layout (A1) bearing the Civil Defence approved-plans stamp,revision,present,01,,,,REVISION,current revision cell in the title block,resolved,,"[0.965, 0.955, 0.985, 0.975]",C:/t/r2x/r32-stage/crops/F014-p3-0.9_0.9_0.99_0.98.png,,,,,,,
F014,3563,3,C:/t/r2x/r32-stage/renders/F014-p3.png,Dewan design drawing first floor plan part B fire protection layout (A1) bearing the Civil Defence approved-plans stamp,decision,present,مخططات معتمدة / APPROVED,,approved,,,,resolved,"authority (UAE Ministry of Interior, General Directorate of Civil Defence - Dubai, Preventive Safety Department, plan approval section: stamp text)","[0.84, 0.02, 1.0, 0.33]",C:/t/r2x/r32-stage/crops/F014-p3-0.84_0.02_1_0.35.png,"a faint yellow 'FOR INFORMATION ONLY' box is also printed in the notes column; read as the issuer's sheet status, not the authority decision; reviewer to rule | the round approved-plans stamp (transaction 253708-37-1, 15/01/17, plot 6742010) and a yellow 'APPROVED' mark sit on this sheet",,,,,,
F014,3563,4,C:/t/r2x/r32-stage/renders/F014-p4.png,Dewan design drawing first floor plan part C fire protection layout (A1) bearing the Civil Defence approved-plans stamp,identity,present,103C,,,,DRAWING NO.,own drawing number in the title block,resolved,,"[0.935, 0.955, 0.97, 0.975]",C:/t/r2x/r32-stage/crops/F014-p4-0.9_0.9_0.99_0.98.png,"the drawing number is printed in its own cell next to a separate DISCIPLINE cell 'FP' (split cells, convention 3); the combined form 'FP-103C' is not printed as one value",,,,,,
F014,3563,4,C:/t/r2x/r32-stage/renders/F014-p4.png,Dewan design drawing first floor plan part C fire protection layout (A1) bearing the Civil Defence approved-plans stamp,revision,present,01,,,,REVISION,current revision cell in the title block,resolved,,"[0.965, 0.955, 0.985, 0.975]",C:/t/r2x/r32-stage/crops/F014-p4-0.9_0.9_0.99_0.98.png,,,,,,,
F014,3563,4,C:/t/r2x/r32-stage/renders/F014-p4.png,Dewan design drawing first floor plan part C fire protection layout (A1) bearing the Civil Defence approved-plans stamp,decision,present,مخططات معتمدة / APPROVED,,approved,,,,resolved,"authority (UAE Ministry of Interior, General Directorate of Civil Defence - Dubai, Preventive Safety Department, plan approval section: stamp text)","[0.84, 0.02, 1.0, 0.33]",C:/t/r2x/r32-stage/crops/F014-p4-0.84_0.02_1_0.35.png,"a faint yellow 'FOR INFORMATION ONLY' box is also printed in the notes column; read as the issuer's sheet status, not the authority decision; reviewer to rule | the round approved-plans stamp (transaction 253708-37-1, 15/01/17, plot 6742010) and a yellow 'APPROVED' mark sit on this sheet",,,,,,
F015,29255,1,C:/t/r2x/r32-stage/renders/F015-p1.png,shop drawing submittal form enclosing one shop drawing,identity,present,NBC-JGH-SCALE-SDS-MEP-ELE-TEL-2025-0005- R00,,,,Reference:,own submittal reference of this form,resolved,,"[0.47, 0.222, 0.82, 0.236]",C:/t/r2x/r32-stage/crops/F015-p1-0.45_0.215_0.85_0.235.png,printed with a space after the last hyphen before R00; kept as printed,,,,,,
F015,29255,1,C:/t/r2x/r32-stage/renders/F015-p1.png,shop drawing submittal form enclosing one shop drawing,revision,present,R00,,,,(none: suffix of the Reference),suffix of the printed document number,uncertain,,"[0.78, 0.222, 0.82, 0.236]",C:/t/r2x/r32-stage/crops/F015-p1-0.45_0.215_0.85_0.235.png,the form has no revision cell of its own; the attachment table's Revision column (00) belongs to the enclosed drawing ET-104; both read 00,,,,,,
F015,29255,1,C:/t/r2x/r32-stage/renders/F015-p1.png,shop drawing submittal form enclosing one shop drawing,decision,present,APPROVED AS NOTED,,approved as noted,,,,resolved,"consultant (THE ENGINEER: LACASA; Reviewed By / For The Engineer signatures, 8/8/2025)","[0.2, 0.785, 0.31, 0.83]",C:/t/r2x/r32-stage/crops/F015-p1-0.1_0.78_0.8_0.83.png,ACTION (As Marked): the APPROVED AS NOTED option and its box are circled by hand; engineer comment 'Refer to the comments on the shop drawings'; Reviewed By dated 8/8/2025,,,,,,
F016,3563,1,C:/t/r2x/r32-stage/renders/F016-p1.png,Dewan design drawing general arrangement plan - ground floor fire alarm layout (A1) bearing the Civil Defence approved-plans stamp,identity,present,102,,,,DRAWING NO.,own drawing number in the title block,resolved,,"[0.935, 0.955, 0.97, 0.975]",C:/t/r2x/r32-stage/crops/F016-p1-0.9_0.9_0.99_0.98.png,"the drawing number is printed in its own cell next to a separate DISCIPLINE cell 'FA' (split cells, convention 3); the combined form 'FA-102' is not printed as one value",,,,,,
F016,3563,1,C:/t/r2x/r32-stage/renders/F016-p1.png,Dewan design drawing general arrangement plan - ground floor fire alarm layout (A1) bearing the Civil Defence approved-plans stamp,revision,present,01,,,,REVISION,current revision cell in the title block,resolved,,"[0.965, 0.955, 0.985, 0.975]",C:/t/r2x/r32-stage/crops/F016-p1-0.9_0.9_0.99_0.98.png,,,,,,,
F016,3563,1,C:/t/r2x/r32-stage/renders/F016-p1.png,Dewan design drawing general arrangement plan - ground floor fire alarm layout (A1) bearing the Civil Defence approved-plans stamp,decision,present,مخططات معتمدة / APPROVED,,approved,,,,resolved,"authority (UAE Ministry of Interior, General Directorate of Civil Defence - Dubai, Preventive Safety Department, plan approval section: stamp text)","[0.84, 0.02, 1.0, 0.33]",C:/t/r2x/r32-stage/crops/F016-p1-0.84_0.02_1_0.35.png,"a faint yellow 'FOR INFORMATION ONLY' box is also printed in the notes column; read as the issuer's sheet status, not the authority decision; reviewer to rule | the round approved-plans stamp (transaction 253708-37-1, 15/01/17, plot 6742010) and a yellow 'APPROVED' mark sit on this sheet",,,,,,
F016,3563,2,C:/t/r2x/r32-stage/renders/F016-p2.png,Dewan design drawing ground floor plan part A fire alarm layout (A1) bearing the Civil Defence approved-plans stamp,identity,present,102A,,,,DRAWING NO.,own drawing number in the title block,resolved,,"[0.935, 0.955, 0.97, 0.975]",C:/t/r2x/r32-stage/crops/F016-p2-0.9_0.9_0.99_0.98.png,"the drawing number is printed in its own cell next to a separate DISCIPLINE cell 'FA' (split cells, convention 3); the combined form 'FA-102A' is not printed as one value",,,,,,
F016,3563,2,C:/t/r2x/r32-stage/renders/F016-p2.png,Dewan design drawing ground floor plan part A fire alarm layout (A1) bearing the Civil Defence approved-plans stamp,revision,present,01,,,,REVISION,current revision cell in the title block,resolved,,"[0.965, 0.955, 0.985, 0.975]",C:/t/r2x/r32-stage/crops/F016-p2-0.9_0.9_0.99_0.98.png,,,,,,,
F016,3563,2,C:/t/r2x/r32-stage/renders/F016-p2.png,Dewan design drawing ground floor plan part A fire alarm layout (A1) bearing the Civil Defence approved-plans stamp,decision,present,مخططات معتمدة / APPROVED,,approved,,,,resolved,"authority (UAE Ministry of Interior, General Directorate of Civil Defence - Dubai, Preventive Safety Department, plan approval section: stamp text)","[0.84, 0.02, 1.0, 0.33]",C:/t/r2x/r32-stage/crops/F016-p2-0.84_0.02_1_0.35.png,"a faint yellow 'FOR INFORMATION ONLY' box is also printed in the notes column; read as the issuer's sheet status, not the authority decision; reviewer to rule | the round approved-plans stamp (transaction 253708-37-1, 15/01/17, plot 6742010) and a yellow 'APPROVED' mark sit on this sheet",,,,,,
F016,3563,3,C:/t/r2x/r32-stage/renders/F016-p3.png,Dewan design drawing ground floor plan part B fire alarm layout (A1) bearing the Civil Defence approved-plans stamp,identity,present,102B,,,,DRAWING NO.,own drawing number in the title block,resolved,,"[0.935, 0.955, 0.97, 0.975]",C:/t/r2x/r32-stage/crops/F016-p3-0.9_0.9_0.99_0.98.png,"the drawing number is printed in its own cell next to a separate DISCIPLINE cell 'FA' (split cells, convention 3); the combined form 'FA-102B' is not printed as one value",,,,,,
F016,3563,3,C:/t/r2x/r32-stage/renders/F016-p3.png,Dewan design drawing ground floor plan part B fire alarm layout (A1) bearing the Civil Defence approved-plans stamp,revision,present,01,,,,REVISION,current revision cell in the title block,resolved,,"[0.965, 0.955, 0.985, 0.975]",C:/t/r2x/r32-stage/crops/F016-p3-0.9_0.9_0.99_0.98.png,,,,,,,
F016,3563,3,C:/t/r2x/r32-stage/renders/F016-p3.png,Dewan design drawing ground floor plan part B fire alarm layout (A1) bearing the Civil Defence approved-plans stamp,decision,present,مخططات معتمدة / APPROVED,,approved,,,,resolved,"authority (UAE Ministry of Interior, General Directorate of Civil Defence - Dubai, Preventive Safety Department, plan approval section: stamp text)","[0.84, 0.02, 1.0, 0.33]",C:/t/r2x/r32-stage/crops/F016-p3-0.84_0.02_1_0.35.png,"a faint yellow 'FOR INFORMATION ONLY' box is also printed in the notes column; read as the issuer's sheet status, not the authority decision; reviewer to rule | the round approved-plans stamp (transaction 253708-37-1, 15/01/17, plot 6742010) and a yellow 'APPROVED' mark sit on this sheet",,,,,,
F016,3563,4,C:/t/r2x/r32-stage/renders/F016-p4.png,Dewan design drawing ground floor plan part C fire alarm layout (A1) bearing the Civil Defence approved-plans stamp,identity,present,102C,,,,DRAWING NO.,own drawing number in the title block,resolved,,"[0.935, 0.955, 0.97, 0.975]",C:/t/r2x/r32-stage/crops/F016-p4-0.9_0.9_0.99_0.98.png,"the drawing number is printed in its own cell next to a separate DISCIPLINE cell 'FA' (split cells, convention 3); the combined form 'FA-102C' is not printed as one value",,,,,,
F016,3563,4,C:/t/r2x/r32-stage/renders/F016-p4.png,Dewan design drawing ground floor plan part C fire alarm layout (A1) bearing the Civil Defence approved-plans stamp,revision,present,01,,,,REVISION,current revision cell in the title block,resolved,,"[0.965, 0.955, 0.985, 0.975]",C:/t/r2x/r32-stage/crops/F016-p4-0.9_0.9_0.99_0.98.png,,,,,,,
F016,3563,4,C:/t/r2x/r32-stage/renders/F016-p4.png,Dewan design drawing ground floor plan part C fire alarm layout (A1) bearing the Civil Defence approved-plans stamp,decision,present,مخططات معتمدة / APPROVED,,approved,,,,resolved,"authority (UAE Ministry of Interior, General Directorate of Civil Defence - Dubai, Preventive Safety Department, plan approval section: stamp text)","[0.84, 0.02, 1.0, 0.33]",C:/t/r2x/r32-stage/crops/F016-p4-0.84_0.02_1_0.35.png,"a faint yellow 'FOR INFORMATION ONLY' box is also printed in the notes column; read as the issuer's sheet status, not the authority decision; reviewer to rule | the round approved-plans stamp (transaction 253708-37-1, 15/01/17, plot 6742010) and a yellow 'APPROVED' mark sit on this sheet",,,,,,
F017,3563,1,C:/t/r2x/r32-stage/renders/F017-p1.png,"Pivot / Al Arabia electrical shop drawing sheet (A1, scanned): roof floor plan part-A (sheet 1 of 2) central battery layout",identity,present,FAM-PIV-MAH-SPD-CBS-2633-007A,,,,DWG. NO:,own drawing number in the title block,resolved,,"[0.82, 0.92, 0.9, 0.93]",C:/t/r2x/r32-stage/crops/F017-p1-0.8_0.9_0.92_0.935.png,,,,,,,
F017,3563,1,C:/t/r2x/r32-stage/renders/F017-p1.png,"Pivot / Al Arabia electrical shop drawing sheet (A1, scanned): roof floor plan part-A (sheet 1 of 2) central battery layout",revision,present,00,,,,Rev. no.,current revision cell in the title block,resolved,,"[0.905, 0.92, 0.93, 0.93]",C:/t/r2x/r32-stage/crops/F017-p1-0.8_0.9_0.92_0.935.png,revision table row 00 28-05-16 ISSUED FOR APPROVAL agrees,,,,,,
F017,3563,1,C:/t/r2x/r32-stage/renders/F017-p1.png,"Pivot / Al Arabia electrical shop drawing sheet (A1, scanned): roof floor plan part-A (sheet 1 of 2) central battery layout",decision,present,APPROVED AS NOTED / RESUBMIT,,approved as noted,,,,resolved,"consultant (Dewan Architects + Engineers REVIEW NOTE stamp, D14-22, The First Avenue Mall & Hotel)","[0.9, 0.64, 0.94, 0.65]",C:/t/r2x/r32-stage/crops/F017-p1-0.88_0.58_0.95_0.7.png,the option also requires resubmission; class kept as approved as noted (as F001); reviewer to rule | stamp in the consultant cell of the title strip; a red tick (with the reviewer's red date / initials 21.7.16) runs into the APPROVED AS NOTED / RESUBMIT box,,,,,,
F018,3563,1,C:/t/r2x/r32-stage/renders/F018-p1.png,"Pivot / Al Arabia electrical shop drawing sheet (A1, scanned): ground floor central battery layout (part-F) (sheet-6 of 7)",identity,present,FAM-PIV-MAH-SPD-CBS-2633-002F,,,,DWG. NO:,own drawing number in the title block,resolved,,"[0.86, 0.945, 0.95, 0.955]",C:/t/r2x/r32-stage/crops/F018-p1-0.85_0.89_0.98_0.96.png,,,,,,,
F018,3563,1,C:/t/r2x/r32-stage/renders/F018-p1.png,"Pivot / Al Arabia electrical shop drawing sheet (A1, scanned): ground floor central battery layout (part-F) (sheet-6 of 7)",revision,present,01,,,,Rev. no.,current revision cell in the title block,resolved,,"[0.955, 0.945, 0.98, 0.955]",C:/t/r2x/r32-stage/crops/F018-p1-0.85_0.89_0.98_0.96.png,revision table rows 00 05-03-16 ISSUED FOR APPROVAL and 01 09-04-16 AS PER CONSULTANT COMMENTS agree,,,,,,
F018,3563,1,C:/t/r2x/r32-stage/renders/F018-p1.png,"Pivot / Al Arabia electrical shop drawing sheet (A1, scanned): ground floor central battery layout (part-F) (sheet-6 of 7)",decision,present,APPROVED AS NOTED,,approved as noted,,,,resolved,"consultant (Dewan Architects + Engineers REVIEW NOTE stamp, D14-22, The First Avenue Mall & Hotel)","[0.935, 0.62, 0.98, 0.63]",C:/t/r2x/r32-stage/crops/F018-p1-0.92_0.58_0.99_0.71.png,"stamp in the consultant cell of the title strip (faint); a red tick runs into the APPROVED AS NOTED box, red initials beside",,,,,,
F019,3563,1,C:/t/r2x/r32-stage/renders/F019-p1.png,"Pivot / Al Arabia electrical shop drawing sheet (A1, scanned): fire alarm layout roof floor plan overall (content drawn rotated on the page)",identity,present,FAM-PIV-MAH-SPD-FA-2633-007,,,,DWG. NO:,own drawing number in the title block,resolved,,"[0.04, 0.86, 0.06, 0.99]",C:/t/r2x/r32-stage/crops/F019-p1-0.03_0.84_0.2_1-r90.png,,,,,,,
F019,3563,1,C:/t/r2x/r32-stage/renders/F019-p1.png,"Pivot / Al Arabia electrical shop drawing sheet (A1, scanned): fire alarm layout roof floor plan overall (content drawn rotated on the page)",revision,ambiguous,,"[{""literal"": ""00"", ""printed_label"": ""Rev. no."", ""role"": ""title-block revision cell""}, {""literal"": ""01"", ""printed_label"": ""REV (revision table, latest row)"", ""role"": ""latest revision-table entry, 09-05-16 AS PER CONSULTANT COMMENTS""}]",,,,,resolved,,"[0.04, 0.86, 0.43, 0.99]",C:/t/r2x/r32-stage/crops/F019-p1-0.03_0.84_0.2_1-r90.png; C:/t/r2x/r32-stage/crops/F019-p1-0.38_0.86_0.44_0.99-r90.png,"the title-block date 09-05-16 equals the date of table row 01, so the cell value 00 may be stale; not decided from the page",,,,,,
F019,3563,1,C:/t/r2x/r32-stage/renders/F019-p1.png,"Pivot / Al Arabia electrical shop drawing sheet (A1, scanned): fire alarm layout roof floor plan overall (content drawn rotated on the page)",decision,present,APPROVED AS NOTED,,approved as noted,,,,resolved,"consultant (Dewan Architects + Engineers REVIEW NOTE stamp, D14-22, The First Avenue Mall & Hotel)","[0.115, 0.95, 0.125, 0.975]",C:/t/r2x/r32-stage/crops/F019-p1-0.1_0.93_0.17_1-r90.png,the stamp is faint but the APPROVED AS NOTED line and the red arrow reaching its box are legible | faint stamp over the drawing-title cell of the title block; a red arrow-stroke from the reviewer's initials and date (16.5.16) ends at the APPROVED AS NOTED box,,,,,,
F020,27331,1,C:/t/r2x/r32-stage/renders/F020-p1.png,Document Submittal form (cover of the package),identity,present,B01-ASC-SD-ELE-0047,,,,Submittal Ref.No.,own submittal reference of the package,resolved,,"[0.25, 0.167, 0.45, 0.178]",C:/t/r2x/r32-stage/crops/F020-p1-0.16_0.15_0.92_0.168.png,,,,,,,
F020,27331,1,C:/t/r2x/r32-stage/renders/F020-p1.png,Document Submittal form (cover of the package),revision,present,0,,,,Rev. No.,revision of this submittal,resolved,,"[0.59, 0.167, 0.61, 0.178]",C:/t/r2x/r32-stage/crops/F020-p1-0.16_0.15_0.92_0.168.png,,,,,,,
F020,27331,1,C:/t/r2x/r32-stage/renders/F020-p1.png,Document Submittal form (cover of the package),decision,present,Code B,,approved as noted,,,,resolved,consultant (Mirage; electrical reviewer Syed shaber 16/05/25; M.H Sr. Resident Engineer - MLD signed 16/5/2025),"[0.34, 0.655, 0.4, 0.668]",C:/t/r2x/r32-stage/crops/F020-p1-0.16_0.645_0.92_0.675.png,"the code box is marked; the printed legend on the same page reads 'A-Approved, B-Approved with comments, C-Not Approved (Re-submit within 14 days), D-Incomplete, Resubmit, E-Submitted for Information' (red tick, circled)",,,,,,
F020,27331,2,C:/t/r2x/r32-stage/renders/F020-p2.png,contractor (Al Sahel) J269 CIRCULATION stamp sheet,identity,absent,,,,,,,,,,,handwritten contractor note 'SD-ELE-47 (B)' only,,,,,,
F020,27331,2,C:/t/r2x/r32-stage/renders/F020-p2.png,contractor (Al Sahel) J269 CIRCULATION stamp sheet,revision,absent,,,,,,,,,,,,,,,,,
F020,27331,2,C:/t/r2x/r32-stage/renders/F020-p2.png,contractor (Al Sahel) J269 CIRCULATION stamp sheet,decision,absent,,,,no_decision_area,,,,,,,contractor circulation ticks and the handwritten code note are not the reviewing party's decision,,,,,,
F020,27331,3,C:/t/r2x/r32-stage/renders/F020-p3.png,DRAWING REGISTER of the submittal (4 listed item(s)),identity,present,B01-ASC-SD-ELE-0047,,,,Submittal Ref:,submittal reference of the package this register belongs to,resolved,,"[0.03, 0.155, 0.3, 0.167]",C:/t/r2x/r32-stage/crops/F020-p3-0.03_0.15_0.8_0.5.png,printed as 'B01-ASC-SD-ELE-0047-Rev.00',,,,,,
F020,27331,3,C:/t/r2x/r32-stage/renders/F020-p3.png,DRAWING REGISTER of the submittal (4 listed item(s)),revision,present,00,,,,Rev. (in 'B01-ASC-SD-ELE-0047-Rev.00'),labelled revision appended to the submittal reference,resolved,,"[0.26, 0.155, 0.3, 0.167]",C:/t/r2x/r32-stage/crops/F020-p3-0.03_0.15_0.8_0.5.png,,,,,,,
F020,27331,3,C:/t/r2x/r32-stage/renders/F020-p3.png,DRAWING REGISTER of the submittal (4 listed item(s)),decision,present,B,,approved as noted,,,,uncertain,consultant (Status entries in a different typeface from the register),"[0.7, 0.29, 0.77, 0.39]",C:/t/r2x/r32-stage/crops/F020-p3-0.03_0.15_0.8_0.5.png,status 'B' written on rows 1-3 of 4 in the Status column; row 4 is blank; not a single decision printed for the register page; who wrote them is not printed,,,,,,
F020,27331,4,C:/t/r2x/r32-stage/renders/F020-p4.png,"shop drawing sheet: 7th floor fire alarm & voice evacuation layout overall, sheet 1 of 4 (A1)",identity,present,B01-02-ASC_EGTS-P05-SD-FA-0008,,,,DRAWING NO.,own drawing number in the title block,resolved,,"[0.864, 0.963, 0.964, 0.97]",C:/t/r2x/r32-stage/crops/F020-p4-0.86_0.955_0.995_0.985.png,,,,,,,
F020,27331,4,C:/t/r2x/r32-stage/renders/F020-p4.png,"shop drawing sheet: 7th floor fire alarm & voice evacuation layout overall, sheet 1 of 4 (A1)",revision,present,00,,,,REVISION,current revision cell in the title block,resolved,,"[0.976, 0.973, 0.984, 0.982]",C:/t/r2x/r32-stage/crops/F020-p4-0.86_0.955_0.995_0.985.png,,,,,,,
F020,27331,4,C:/t/r2x/r32-stage/renders/F020-p4.png,"shop drawing sheet: 7th floor fire alarm & voice evacuation layout overall, sheet 1 of 4 (A1)",decision,present,B Approved with comments,,approved as noted,,,,resolved,"consultant (Mirage Leisure And Development review block, Reviewed By a handwritten signature (no name))","[0.885, 0.215, 0.91, 0.24]",C:/t/r2x/r32-stage/crops/F020-p4-0.86_0.19_0.99_0.27.png,"the B cell of the A-E review block in the right-hand title strip is highlighted (pale pink); Date Reviewed is blank, Reviewed By carries a red signature only",,,,,,
F021,27331,1,C:/t/r2x/r32-stage/renders/F021-p1.png,Document Submittal form (cover of the package),identity,present,B01-ASC-SD-ELE-0037,,,,Submittal Ref.No.,own submittal reference of the package,resolved,,"[0.25, 0.167, 0.45, 0.178]",C:/t/r2x/r32-stage/crops/F021-p1-0.16_0.152_0.92_0.17.png,,,,,,,
F021,27331,1,C:/t/r2x/r32-stage/renders/F021-p1.png,Document Submittal form (cover of the package),revision,present,00,,,,Rev. No.,revision of this submittal,resolved,,"[0.59, 0.167, 0.61, 0.178]",C:/t/r2x/r32-stage/crops/F021-p1-0.16_0.152_0.92_0.17.png,,,,,,,
F021,27331,1,C:/t/r2x/r32-stage/renders/F021-p1.png,Document Submittal form (cover of the package),decision,present,Code B,,approved as noted,,,,resolved,consultant (Mirage; electrical reviewer Syed shaber 12/05/25; M.H Sr. Resident Engineer - MLD signed 12/5/2025),"[0.34, 0.656, 0.4, 0.668]",C:/t/r2x/r32-stage/crops/F021-p1-0.16_0.645_0.92_0.675.png,"the code box is marked; the printed legend on the same page reads 'A-Approved, B-Approved with comments, C-Not Approved (Re-submit within 14 days), D-Incomplete, Resubmit, E-Submitted for Information' (red tick; engineer comments 1-4 in red)",,,,,,
F021,27331,2,C:/t/r2x/r32-stage/renders/F021-p2.png,contractor (Al Sahel) J269 CIRCULATION stamp sheet,identity,absent,,,,,,,,,,,handwritten contractor note 'SD-ELE-37 (B)' only,,,,,,
F021,27331,2,C:/t/r2x/r32-stage/renders/F021-p2.png,contractor (Al Sahel) J269 CIRCULATION stamp sheet,revision,absent,,,,,,,,,,,,,,,,,
F021,27331,2,C:/t/r2x/r32-stage/renders/F021-p2.png,contractor (Al Sahel) J269 CIRCULATION stamp sheet,decision,absent,,,,no_decision_area,,,,,,,contractor circulation ticks and the handwritten code note are not the reviewing party's decision,,,,,,
F021,27331,3,C:/t/r2x/r32-stage/renders/F021-p3.png,DRAWING REGISTER of the submittal (5 listed item(s)),identity,present,B01-ASC-SD-ELE-0037,,,,Submittal Ref:,submittal reference of the package this register belongs to,resolved,,"[0.035, 0.153, 0.296, 0.164]",C:/t/r2x/r32-stage/crops/F021-p3-0.03_0.15_0.8_0.5.png,printed as 'B01-ASC-SD-ELE-0037-Rev.00',,,,,,
F021,27331,3,C:/t/r2x/r32-stage/renders/F021-p3.png,DRAWING REGISTER of the submittal (5 listed item(s)),revision,present,00,,,,Rev. (in 'B01-ASC-SD-ELE-0037-Rev.00'),labelled revision appended to the submittal reference,resolved,,"[0.256, 0.153, 0.296, 0.164]",C:/t/r2x/r32-stage/crops/F021-p3-0.03_0.15_0.8_0.5.png,,,,,,,
F021,27331,3,C:/t/r2x/r32-stage/renders/F021-p3.png,DRAWING REGISTER of the submittal (5 listed item(s)),decision,absent,,,,blank_decision_area,,,,,,,the Status column of the register is empty,,,,,,
F021,27331,4,C:/t/r2x/r32-stage/renders/F021-p4.png,"shop drawing sheet: 3rd & 4th floor plan emergency lighting layout, sheet 1 of 4 (A1)",identity,present,B01-02-ASC_EGTS-P03_P04-SD-EML-0005,,,,DRAWING NO.,own drawing number in the title block,resolved,,"[0.854, 0.95, 0.953, 0.958]",C:/t/r2x/r32-stage/crops/F021-p4-0.845_0.94_0.985_0.975.png,,,,,,,
F021,27331,4,C:/t/r2x/r32-stage/renders/F021-p4.png,"shop drawing sheet: 3rd & 4th floor plan emergency lighting layout, sheet 1 of 4 (A1)",revision,present,00,,,,REVISION,current revision cell in the title block,resolved,,"[0.966, 0.961, 0.972, 0.969]",C:/t/r2x/r32-stage/crops/F021-p4-0.845_0.94_0.985_0.975.png,,,,,,,
F021,27331,4,C:/t/r2x/r32-stage/renders/F021-p4.png,"shop drawing sheet: 3rd & 4th floor plan emergency lighting layout, sheet 1 of 4 (A1)",decision,present,B Approved with comments,,approved as noted,,,,resolved,"consultant (Mirage Leisure And Development review block, Reviewed By a handwritten signature (no name))","[0.877, 0.215, 0.9, 0.24]",C:/t/r2x/r32-stage/crops/F021-p4-0.85_0.19_0.98_0.275.png,"the B cell of the A-E review block in the right-hand title strip is highlighted (pale pink); Date Reviewed is blank, a red signature sits at the Reviewed By cell",,,,,,
F022,3563,1,C:/t/r2x/r32-stage/renders/F022-p1.png,"Pivot / Al Arabia electrical shop drawing sheet (A1, scanned): second floor & roof plan central battery layout (part-C) (sheet-3 of 3) (content drawn rotated on the page)",identity,present,FAM-PIV-MAH-SPD-CBS-2633-004C,,,,DWG. NO:,own drawing number in the title block,resolved,,"[0.04, 0.86, 0.06, 0.99]",C:/t/r2x/r32-stage/crops/F022-p1-0.03_0.84_0.33_1-r90.png,,,,,,,
F022,3563,1,C:/t/r2x/r32-stage/renders/F022-p1.png,"Pivot / Al Arabia electrical shop drawing sheet (A1, scanned): second floor & roof plan central battery layout (part-C) (sheet-3 of 3) (content drawn rotated on the page)",revision,present,00,,,,Rev. no.,current revision cell in the title block,resolved,,"[0.065, 0.86, 0.09, 0.99]",C:/t/r2x/r32-stage/crops/F022-p1-0.03_0.84_0.33_1-r90.png,revision table row 00 28-05-16 ISSUED FOR APPROVAL agrees,,,,,,
F022,3563,1,C:/t/r2x/r32-stage/renders/F022-p1.png,"Pivot / Al Arabia electrical shop drawing sheet (A1, scanned): second floor & roof plan central battery layout (part-C) (sheet-3 of 3) (content drawn rotated on the page)",decision,present,APPROVED AS NOTED / RESUBMIT,,approved as noted,,,,resolved,"consultant (Dewan Architects + Engineers REVIEW NOTE stamp, D14-22, The First Avenue Mall & Hotel)","[0.27, 0.95, 0.28, 0.99]",C:/t/r2x/r32-stage/crops/F022-p1-0.23_0.9_0.33_1-r90.png,the option also requires resubmission; class kept as approved as noted (as F001); reviewer to rule | stamp in the consultant cell of the title block; a red tick drawn from the reviewer's date and initials (7.8.16) ends in the APPROVED AS NOTED / RESUBMIT box,,,,,,
F023,29255,1,C:/t/r2x/r32-stage/renders/F023-p1.png,"Material Approval Submittal form (photographed, low resolution)",identity,present,273 / MT / MEP 2 1 7,,,,MAS Ref. No.,own material approval submittal number,resolved,,"[0.27, 0.27, 0.42, 0.285]",C:/t/r2x/r32-stage/crops/F023-p1-0.2_0.25_0.8_0.3.png,low-resolution photograph; the digits '2 1 7' are printed with wide spacing; kept as printed,,,,,,
F023,29255,1,C:/t/r2x/r32-stage/renders/F023-p1.png,"Material Approval Submittal form (photographed, low resolution)",revision,present,00,,,,Revision No.,revision of this submittal (red),resolved,,"[0.27, 0.285, 0.31, 0.295]",C:/t/r2x/r32-stage/crops/F023-p1-0.2_0.25_0.8_0.3.png,,,,,,,
F023,29255,1,C:/t/r2x/r32-stage/renders/F023-p1.png,"Material Approval Submittal form (photographed, low resolution)",decision,present,B: Approved as noted,,approved as noted,,,,resolved,"consultant (For Engineer: Trevor Maltman, Sr. Resident Engineer, signed 30/9/14; Holford Associates is the 'Issued to' party)","[0.36, 0.69, 0.5, 0.705]",C:/t/r2x/r32-stage/crops/F023-p1-0.2_0.68_0.8_0.71.png,"low-resolution photograph; the tick sits at box B and the A, C, D boxes are empty | 'Returned to Contractor with Status': a tick at the B: Approved as noted box",,,,,,
F024,29255,1,C:/t/r2x/r32-stage/renders/F024-p1.png,contractor's reply sheet listing the consultant comments with responses,identity,present,NBC-JGH-SCALE-MAS-MEP-ELE-LC-2025-007-R02,,,,REF NO:,number of the submittal whose consultant comments this reply sheet answers,resolved,,"[0.09, 0.075, 0.63, 0.088]",C:/t/r2x/r32-stage/crops/F024-p1-0.05_0.04_0.7_0.11.png,,,,,,,
F024,29255,1,C:/t/r2x/r32-stage/renders/F024-p1.png,contractor's reply sheet listing the consultant comments with responses,revision,present,R02,,,,(none: suffix of the REF NO),suffix of the printed document number,uncertain,,"[0.6, 0.075, 0.63, 0.088]",C:/t/r2x/r32-stage/crops/F024-p1-0.05_0.04_0.7_0.11.png,,,,,,,
F024,29255,1,C:/t/r2x/r32-stage/renders/F024-p1.png,contractor's reply sheet listing the consultant comments with responses,decision,absent,,,,no_decision_area,,,,,,,the table header 'CONSULTANT COMMENTS MS ACS (B)' restates a status code inside the contractor's reply; it is not the reviewing party's decision mark; reviewer to rule,,,,,,
F025,27331,1,C:/t/r2x/r32-stage/renders/F025-p1.png,Document Submittal form (cover of the package),identity,present,B01-ASC-SD-ELE-0184,,,,Submittal Ref.No.,own submittal reference of the package,resolved,,"[0.24, 0.155, 0.4, 0.166]",C:/t/r2x/r32-stage/crops/F025-p1-0.1_0.15_0.93_0.17.png,,,,,,,
F025,27331,1,C:/t/r2x/r32-stage/renders/F025-p1.png,Document Submittal form (cover of the package),revision,present,00,,,,Rev. No.,revision of this submittal,resolved,,"[0.57, 0.155, 0.59, 0.166]",C:/t/r2x/r32-stage/crops/F025-p1-0.1_0.15_0.93_0.17.png,,,,,,,
F025,27331,1,C:/t/r2x/r32-stage/renders/F025-p1.png,Document Submittal form (cover of the package),decision,present,Code C,,revise and resubmit,,,,resolved,consultant (Mirage; electrical reviewer Bipin Mathew 24.09.2025; 15 engineer comments),"[0.49, 0.695, 0.55, 0.71]",C:/t/r2x/r32-stage/crops/F025-p1-0.1_0.69_0.93_0.715.png,"the code box is marked; the printed legend on the same page reads 'A-Approved, B-Approved with comments, C-Not Approved (Re-submit within 14 days), D-Incomplete, Resubmit, E-Submitted for Information' (box filled red, circled in blue)",,,,,,
F025,27331,2,C:/t/r2x/r32-stage/renders/F025-p2.png,DRAWING REGISTER of the submittal (6 listed item(s)),identity,present,B01-ASC-SD-ELE-0184,,,,Submittal Ref:,submittal reference of the package this register belongs to,resolved,,"[0.034, 0.138, 0.247, 0.147]",C:/t/r2x/r32-stage/crops/F025-p2-0.02_0.13_0.98_0.4.png,printed as 'B01-ASC-SD-ELE-0184-Rev.00',,,,,,
F025,27331,2,C:/t/r2x/r32-stage/renders/F025-p2.png,DRAWING REGISTER of the submittal (6 listed item(s)),revision,present,00,,,,Rev. (in 'B01-ASC-SD-ELE-0184-Rev.00'),labelled revision appended to the submittal reference,resolved,,"[0.207, 0.138, 0.247, 0.147]",C:/t/r2x/r32-stage/crops/F025-p2-0.02_0.13_0.98_0.4.png,,,,,,,
F025,27331,2,C:/t/r2x/r32-stage/renders/F025-p2.png,DRAWING REGISTER of the submittal (6 listed item(s)),decision,present,C,,revise and resubmit,,,,uncertain,consultant (Status entries in a different typeface from the register),"[0.76, 0.25, 0.8, 0.4]",C:/t/r2x/r32-stage/crops/F025-p2-0.02_0.13_0.98_0.4.png,"status letter(s) written per listed drawing in the Status column (6 row(s)), not a single decision printed for the register page; who wrote them is not printed",,,,,,
F025,27331,3,C:/t/r2x/r32-stage/renders/F025-p3.png,"shop drawing sheet: Tower 1 emergency lighting schematic riser diagram, sheet 1 of 06 (A1, drawn rotated on the page)",identity,present,B01-02-ASC_EGTS-T01_SCH-SD-EML-0030.01,,,,DRAWING NO.,own drawing number in the title block,resolved,,"[0.03, 0.863, 0.036, 0.956]",C:/t/r2x/r32-stage/crops/F025-p3-0_0.85_0.1_1-r90.png,,,,,,,
F025,27331,3,C:/t/r2x/r32-stage/renders/F025-p3.png,"shop drawing sheet: Tower 1 emergency lighting schematic riser diagram, sheet 1 of 06 (A1, drawn rotated on the page)",revision,present,00,,,,REVISION,current revision cell in the title block,resolved,,"[0.019, 0.977, 0.027, 0.983]",C:/t/r2x/r32-stage/crops/F025-p3-0_0.85_0.1_1-r90.png,,,,,,,
F025,27331,3,C:/t/r2x/r32-stage/renders/F025-p3.png,"shop drawing sheet: Tower 1 emergency lighting schematic riser diagram, sheet 1 of 06 (A1, drawn rotated on the page)",decision,present,C Not Approved (Re-submit with in 14 days),,revise and resubmit,,,,resolved,"consultant (Mirage Leisure And Development review block, Reviewed By Bipin Mathew, 24.09.2025)","[0.77, 0.918, 0.78, 0.94]",C:/t/r2x/r32-stage/crops/F025-p3-0.69_0.85_0.81_1-r90.png,"the C cell of the A-E review block (drawn rotated, lower left of the page) is highlighted green; consultant red mark-ups on the sheet",,,,,,
F025,27331,4,C:/t/r2x/r32-stage/renders/F025-p4.png,"shop drawing sheet: Tower 1 emergency lighting schematic riser diagram, sheet 2 of 06 (A1, drawn rotated on the page)",identity,present,B01-02-ASC_EGTS-T01_SCH-SD-EML-0030.02,,,,DRAWING NO.,own drawing number in the title block,resolved,,"[0.03, 0.863, 0.036, 0.956]",C:/t/r2x/r32-stage/crops/F025-p4-0_0.85_0.1_1-r90.png,,,,,,,
F025,27331,4,C:/t/r2x/r32-stage/renders/F025-p4.png,"shop drawing sheet: Tower 1 emergency lighting schematic riser diagram, sheet 2 of 06 (A1, drawn rotated on the page)",revision,present,00,,,,REVISION,current revision cell in the title block,resolved,,"[0.019, 0.977, 0.027, 0.983]",C:/t/r2x/r32-stage/crops/F025-p4-0_0.85_0.1_1-r90.png,,,,,,,
F025,27331,4,C:/t/r2x/r32-stage/renders/F025-p4.png,"shop drawing sheet: Tower 1 emergency lighting schematic riser diagram, sheet 2 of 06 (A1, drawn rotated on the page)",decision,present,C Not Approved (Re-submit with in 14 days),,revise and resubmit,,,,resolved,"consultant (Mirage Leisure And Development review block, Reviewed By Bipin Mathew, 24.09.2025)","[0.77, 0.918, 0.78, 0.94]",C:/t/r2x/r32-stage/crops/F025-p4-0.69_0.85_0.81_1-r90.png,"the C cell of the A-E review block (drawn rotated, lower left of the page) is highlighted green; consultant red mark-ups on the sheet",,,,,,
F026,3563,1,C:/t/r2x/r32-stage/renders/F026-p1.png,"Pivot / Al Arabia electrical shop drawing sheet (A1, scanned): general arrangement fourth floor plan central battery layout (A0; content drawn rotated on the page)",identity,present,FAM-PIV-MAH-SPD-CBS-2633-006,,,,DWG. NO:,own drawing number in the title block,resolved,,"[0.85, 0.03, 0.86, 0.16]",C:/t/r2x/r32-stage/crops/F026-p1-0.83_0.02_0.87_0.18-r270.png,,,,,,,
F026,3563,1,C:/t/r2x/r32-stage/renders/F026-p1.png,"Pivot / Al Arabia electrical shop drawing sheet (A1, scanned): general arrangement fourth floor plan central battery layout (A0; content drawn rotated on the page)",revision,present,00,,,,Rev. no.,current revision cell in the title block,resolved,,"[0.865, 0.03, 0.89, 0.16]",C:/t/r2x/r32-stage/crops/F026-p1-0.83_0.02_0.87_0.18-r270.png,revision table row 00 28-05-16 ISSUED FOR APPROVAL agrees,,,,,,
F026,3563,1,C:/t/r2x/r32-stage/renders/F026-p1.png,"Pivot / Al Arabia electrical shop drawing sheet (A1, scanned): general arrangement fourth floor plan central battery layout (A0; content drawn rotated on the page)",decision,present,APPROVED AS NOTED / RESUBMIT,,approved as noted,,,,resolved,"consultant (Dewan Architects + Engineers REVIEW NOTE stamp, D14-22, The First Avenue Mall & Hotel)","[0.87, 0.04, 0.9, 0.06]",C:/t/r2x/r32-stage/crops/F026-p1-0.8_0.03_0.94_0.1-r270.png,the option also requires resubmission; class kept as approved as noted (as F001); reviewer to rule | stamp beside the title block at the page corner; a red tick from the reviewer's date and initials (31.7.16) runs into the APPROVED AS NOTED / RESUBMIT box,,,,,,
F027,29255,1,C:/t/r2x/r32-stage/renders/F027-p1.png,bill of quantities sheet with an authority NOC stamp,identity,absent,,,,,,,,,,,"the header block prints project, client and consultants only; 'Plot No :' is blank; no own document number",,,,,,
F027,29255,1,C:/t/r2x/r32-stage/renders/F027-p1.png,bill of quantities sheet with an authority NOC stamp,revision,absent,,,,,,,,,,,,,,,,,
F027,29255,1,C:/t/r2x/r32-stage/renders/F027-p1.png,bill of quantities sheet with an authority NOC stamp,decision,present,No Objection,,approved,,,,resolved,"authority (du - Emirates Integrated Telecommunications Company PJSC, Permits - Operation; Eng UBEDUR RAHMAN MOHAMMAD, signed)","[0.37, 0.86, 0.64, 0.99]",C:/t/r2x/r32-stage/crops/F027-p1-0.35_0.85_0.66_1.png,"class 'approved' for an authority no-objection; reviewer to rule | 'No Objection / Building NOC, For: CONSTRUCTION NOC' stamp placed on this page; the Date line is blank",,,,,,
F028,27331,1,C:/t/r2x/r32-stage/renders/F028-p1.png,Document Submittal form (cover of the package),identity,present,B01-ASC-SD-ELE-0048,,,,Submittal Ref.No.,own submittal reference of the package,resolved,,"[0.27, 0.137, 0.43, 0.145]",C:/t/r2x/r32-stage/crops/F028-p1-0.15_0.13_0.93_0.148.png,,,,,,,
F028,27331,1,C:/t/r2x/r32-stage/renders/F028-p1.png,Document Submittal form (cover of the package),revision,present,1,,,,Rev. No.,revision of this submittal,resolved,,"[0.6, 0.137, 0.62, 0.145]",C:/t/r2x/r32-stage/crops/F028-p1-0.15_0.13_0.93_0.148.png,,,,,,,
F028,27331,1,C:/t/r2x/r32-stage/renders/F028-p1.png,Document Submittal form (cover of the package),decision,present,Code B,,approved as noted,,,,resolved,consultant (Mirage; electrical reviewer Bipin Mathew 30.09.2025; M.H Sr. Resident Engineer - MLD signed 30.9.2025),"[0.33, 0.66, 0.42, 0.674]",C:/t/r2x/r32-stage/crops/F028-p1-0.15_0.655_0.93_0.68.png,"the code box is marked; the printed legend on the same page reads 'A-Approved, B-Approved with comments, C-Not Approved (Re-submit within 14 days), D-Incomplete, Resubmit, E-Submitted for Information' (box filled green, circled)",,,,,,
F028,27331,2,C:/t/r2x/r32-stage/renders/F028-p2.png,contractor (Al Sahel) J269 CIRCULATION stamp sheet,identity,absent,,,,,,,,,,,handwritten contractor note 'SD-ele-48' only,,,,,,
F028,27331,2,C:/t/r2x/r32-stage/renders/F028-p2.png,contractor (Al Sahel) J269 CIRCULATION stamp sheet,revision,absent,,,,,,,,,,,,,,,,,
F028,27331,2,C:/t/r2x/r32-stage/renders/F028-p2.png,contractor (Al Sahel) J269 CIRCULATION stamp sheet,decision,absent,,,,no_decision_area,,,,,,,contractor circulation ticks and the handwritten code note are not the reviewing party's decision,,,,,,
F028,27331,3,C:/t/r2x/r32-stage/renders/F028-p3.png,DRAWING REGISTER of the submittal (5 listed item(s)),identity,present,B01-ASC-SD-ELE-0048,,,,Submittal Ref:,submittal reference of the package this register belongs to,resolved,,"[0.03, 0.155, 0.3, 0.167]",C:/t/r2x/r32-stage/crops/F028-p3-0.03_0.15_0.8_0.45.png,printed as 'B01-ASC-SD-ELE-0048-Rev.01',,,,,,
F028,27331,3,C:/t/r2x/r32-stage/renders/F028-p3.png,DRAWING REGISTER of the submittal (5 listed item(s)),revision,present,01,,,,Rev. (in 'B01-ASC-SD-ELE-0048-Rev.01'),labelled revision appended to the submittal reference,resolved,,"[0.26, 0.155, 0.3, 0.167]",C:/t/r2x/r32-stage/crops/F028-p3-0.03_0.15_0.8_0.45.png,,,,,,,
F028,27331,3,C:/t/r2x/r32-stage/renders/F028-p3.png,DRAWING REGISTER of the submittal (5 listed item(s)),decision,present,B,,approved as noted,,,,uncertain,consultant (Status entries in a different typeface from the register),"[0.7, 0.28, 0.77, 0.44]",C:/t/r2x/r32-stage/crops/F028-p3-0.03_0.15_0.8_0.45.png,a blue 'B' on each of the 5 rows in the Status column (4 drawings + lux calculation); not a single decision printed for the register page; who wrote them is not printed,,,,,,
F028,27331,4,C:/t/r2x/r32-stage/renders/F028-p4.png,Al Arabia (fire alarm subcontractor) Reply to Consultant Comments sheet on the previous revision,identity,present,B01-ASC-SD-ELE-0048,,,,Reference :,number of the submittal whose consultant comments this reply sheet answers,resolved,,"[0.115, 0.293, 0.23, 0.308]",C:/t/r2x/r32-stage/renders/F028-p4.png,printed as 'Reference : . B01-ASC-SD-ELE-0048 REV 00',,,,,,
F028,27331,4,C:/t/r2x/r32-stage/renders/F028-p4.png,Al Arabia (fire alarm subcontractor) Reply to Consultant Comments sheet on the previous revision,revision,present,00,,,,REV (after the Reference),revision of the submittal the comments were made on,uncertain,,"[0.24, 0.293, 0.276, 0.308]",C:/t/r2x/r32-stage/renders/F028-p4.png,the reply sheet sits in the revision-1 package but cites REV 00 (the commented revision),,,,,,
F028,27331,4,C:/t/r2x/r32-stage/renders/F028-p4.png,Al Arabia (fire alarm subcontractor) Reply to Consultant Comments sheet on the previous revision,decision,absent,,,,no_decision_area,,,,,,,"'Comply' entries are the subcontractor's replies, not a review decision",,,,,,
F029,29255,1,C:/t/r2x/r32-stage/renders/F029-p1.png,reply-to-comments sheet,identity,present,NBC-JGH-SCALE-MAS-MEP-ELE-2025-018-R00,,,,Reference :,number of the submittal whose consultant comments this reply sheet answers,resolved,,"[0.09, 0.112, 0.33, 0.12]",C:/t/r2x/r32-stage/crops/F029-p1-0.08_0.08_0.6_0.13.png,,,,,,,
F029,29255,1,C:/t/r2x/r32-stage/renders/F029-p1.png,reply-to-comments sheet,revision,present,Rev.00,,,,Subject : Reply to comments for SCS Rev.00,revision of the commented submittal named in the subject line,uncertain,,"[0.13, 0.094, 0.28, 0.1]",C:/t/r2x/r32-stage/crops/F029-p1-0.08_0.08_0.6_0.13.png,agrees with the -R00 suffix of the reference,,,,,,
F029,29255,1,C:/t/r2x/r32-stage/renders/F029-p1.png,reply-to-comments sheet,decision,absent,,,,no_decision_area,,,,,,,contractor compliance replies only,,,,,,
F030,27331,1,C:/t/r2x/r32-stage/renders/F030-p1.png,Document Submittal form (cover of the package),identity,present,B01-ASC-SD-ELE-0052,,,,Submittal Ref.No.,own submittal reference of the package,resolved,,"[0.2, 0.155, 0.4, 0.165]",C:/t/r2x/r32-stage/crops/F030-p1-0.11_0.15_0.93_0.168.png,,,,,,,
F030,27331,1,C:/t/r2x/r32-stage/renders/F030-p1.png,Document Submittal form (cover of the package),revision,present,0,,,,Rev. No.,revision of this submittal,resolved,,"[0.57, 0.155, 0.59, 0.165]",C:/t/r2x/r32-stage/crops/F030-p1-0.11_0.15_0.93_0.168.png,,,,,,,
F030,27331,1,C:/t/r2x/r32-stage/renders/F030-p1.png,Document Submittal form (cover of the package),decision,present,Code B+Resubmit,,approved as noted,,,,resolved,"consultant (Mirage; electrical reviewer Bipin Mathew 21/05/2025; M.H Sr. Resident Engineer - MLD signed, 21.05.2025)","[0.31, 0.705, 0.48, 0.72]",C:/t/r2x/r32-stage/crops/F030-p1-0.11_0.7_0.93_0.725.png,"class choice: code B (approved with comments) combined with a resubmission requirement; recorded as approved as noted with the literal kept; flagged for review | the code box is marked; the printed legend on the same page reads 'A-Approved, B-Approved with comments, C-Not Approved (Re-submit within 14 days), D-Incomplete, Resubmit, E-Submitted for Information' (box filled red; '+Resubmit' added after 'Code B'; circled in red)",,,,,,
F030,27331,2,C:/t/r2x/r32-stage/renders/F030-p2.png,contractor (Al Sahel) J269 CIRCULATION stamp sheet,identity,absent,,,,,,,,,,,handwritten contractor note 'SD.ELE-0052_B+R' only,,,,,,
F030,27331,2,C:/t/r2x/r32-stage/renders/F030-p2.png,contractor (Al Sahel) J269 CIRCULATION stamp sheet,revision,absent,,,,,,,,,,,,,,,,,
F030,27331,2,C:/t/r2x/r32-stage/renders/F030-p2.png,contractor (Al Sahel) J269 CIRCULATION stamp sheet,decision,absent,,,,no_decision_area,,,,,,,contractor circulation ticks and the handwritten code note are not the reviewing party's decision,,,,,,
F030,27331,3,C:/t/r2x/r32-stage/renders/F030-p3.png,DRAWING REGISTER of the submittal (4 listed item(s)),identity,present,B01-ASC-SD-ELE-0052,,,,Submittal Ref:,submittal reference of the package this register belongs to,resolved,,"[0.03, 0.155, 0.3, 0.167]",C:/t/r2x/r32-stage/crops/F030-p3-0.03_0.15_0.8_0.5.png,printed as 'B01-ASC-SD-ELE-0052-Rev.00',,,,,,
F030,27331,3,C:/t/r2x/r32-stage/renders/F030-p3.png,DRAWING REGISTER of the submittal (4 listed item(s)),revision,present,00,,,,Rev. (in 'B01-ASC-SD-ELE-0052-Rev.00'),labelled revision appended to the submittal reference,resolved,,"[0.26, 0.155, 0.3, 0.167]",C:/t/r2x/r32-stage/crops/F030-p3-0.03_0.15_0.8_0.5.png,,,,,,,
F030,27331,3,C:/t/r2x/r32-stage/renders/F030-p3.png,DRAWING REGISTER of the submittal (4 listed item(s)),decision,present,B+R,,approved as noted,,,,uncertain,consultant (Status entries in a different typeface from the register),"[0.71, 0.3, 0.76, 0.42]",C:/t/r2x/r32-stage/crops/F030-p3-0.03_0.15_0.8_0.5.png,'B+R' on each of the 4 rows of the Status column; not a single decision printed for the register page; who wrote them is not printed,,,,,,
F030,27331,4,C:/t/r2x/r32-stage/renders/F030-p4.png,"shop drawing sheet: 9th floor fire alarm & voice evacuation layout overall, sheet 1 of 4 (A1)",identity,present,B01-02-ASC_EGTS-P05-SD-FA-0010,,,,DRAWING NO.,own drawing number in the title block,resolved,,"[0.854, 0.946, 0.933, 0.952]",C:/t/r2x/r32-stage/crops/F030-p4-0.84_0.935_0.98_0.97.png,,,,,,,
F030,27331,4,C:/t/r2x/r32-stage/renders/F030-p4.png,"shop drawing sheet: 9th floor fire alarm & voice evacuation layout overall, sheet 1 of 4 (A1)",revision,present,00,,,,REVISION,current revision cell in the title block,resolved,,"[0.959, 0.956, 0.965, 0.963]",C:/t/r2x/r32-stage/crops/F030-p4-0.84_0.935_0.98_0.97.png,,,,,,,
F030,27331,4,C:/t/r2x/r32-stage/renders/F030-p4.png,"shop drawing sheet: 9th floor fire alarm & voice evacuation layout overall, sheet 1 of 4 (A1)",decision,present,B+R Approved with comments,,approved as noted,,,,resolved,"consultant (Mirage Leisure And Development review block, Reviewed By Bipin Mathew, 21.05.2025)","[0.87, 0.215, 0.895, 0.24]",C:/t/r2x/r32-stage/crops/F030-p4-0.84_0.19_0.975_0.27.png,class choice for B+R as on page 1; flagged for review | the B cell is highlighted green and '+R' is added in red to the letter B of the A-E review block,,,,,,
F031,3563,1,C:/t/r2x/r32-stage/renders/F031-p1.png,"material submittal form, submission sheet (Transmittal A)",identity,present,MAT – 116,,,,Submittal No.,own submittal number of this material submittal,resolved,,"[0.66, 0.135, 0.85, 0.15]",C:/t/r2x/r32-stage/crops/F031-p1-0.45_0.13_0.92_0.18.png,dash printed with surrounding spaces; glyph appears as an en dash,,,,,,
F031,3563,1,C:/t/r2x/r32-stage/renders/F031-p1.png,"material submittal form, submission sheet (Transmittal A)",revision,present,02,,,,Revision:,revision of this submittal,resolved,,"[0.71, 0.16, 0.8, 0.175]",C:/t/r2x/r32-stage/crops/F031-p1-0.45_0.13_0.92_0.18.png,,,,,,,
F031,3563,1,C:/t/r2x/r32-stage/renders/F031-p1.png,"material submittal form, submission sheet (Transmittal A)",decision,absent,,,,no_decision_area,,,,,,,page 1 carries only the contractor's submission checkboxes ('Submitted for review and approval' ticked) and received / distribution stamps; the engineer's decision area is on page 2,,,,,,
F031,3563,2,C:/t/r2x/r32-stage/renders/F031-p2.png,"engineer's review sheet (Transmittals B-D, ENGINEER'S COMMENTS), 'Page 2 of 2'",identity,absent,,,,,,,,,,,no submittal number printed on page 2,,,,,,
F031,3563,2,C:/t/r2x/r32-stage/renders/F031-p2.png,"engineer's review sheet (Transmittals B-D, ENGINEER'S COMMENTS), 'Page 2 of 2'",revision,absent,,,,,,,,,,,no revision printed on page 2 (footer 'Rev.0' is the form template),,,,,,
F031,3563,2,C:/t/r2x/r32-stage/renders/F031-p2.png,"engineer's review sheet (Transmittals B-D, ENGINEER'S COMMENTS), 'Page 2 of 2'",decision,present,Approved as noted / Resubmit,,approved as noted,,,,resolved,"consultant (Engineer, Dewan Architects + Engineers)","[0.07, 0.735, 0.35, 0.75]",C:/t/r2x/r32-stage/crops/F031-p2-0.05_0.72_0.6_0.76.png; C:/t/r2x/r32-stage/renders/F031-p2.png,"the option text also requires resubmission; class kept as approved as noted per convention 5; the 'Approved' tick in Transmittal B is the contractor's forwarding block, not the engineer's decision | page 2 of 2 of the same submittal form; the ticked option sits in the ENGINEER'S COMMENTS block, comments 1-6 in red, initialled and dated 22.3.16",,,,,,
F031,3563,3,C:/t/r2x/r32-stage/renders/F031-p3.png,"Pivot 'Comments Resolution Sheet' for submittal MAT-116 (contractor responses, consultant red annotations), page 1 of 3, drawn rotated",identity,present,MAT – 116,,,,Submittal No.:,number of the submittal this comments-resolution sheet belongs to,resolved,,"[0.2, 0.68, 0.23, 0.92]",C:/t/r2x/r32-stage/crops/F031-p3-0.15_0.62_0.3_1-r270.png,,,,,,,
F031,3563,3,C:/t/r2x/r32-stage/renders/F031-p3.png,"Pivot 'Comments Resolution Sheet' for submittal MAT-116 (contractor responses, consultant red annotations), page 1 of 3, drawn rotated",revision,present,02,,,,Rev. :,revision of the submittal,resolved,,"[0.22, 0.2, 0.26, 0.3]",C:/t/r2x/r32-stage/renders/F031-p3.png,the 'Rev.: 02' cell sits under the client cell of the header,,,,,,
F031,3563,3,C:/t/r2x/r32-stage/renders/F031-p3.png,"Pivot 'Comments Resolution Sheet' for submittal MAT-116 (contractor responses, consultant red annotations), page 1 of 3, drawn rotated",decision,absent,,,,no_decision_area,,,,,,,contractor responses and the consultant's red follow-up notes ('Provide us with even expired certificate until review the approved') carry no decision status,,,,,,
F031,3563,4,C:/t/r2x/r32-stage/renders/F031-p4.png,"continuation of the comments resolution sheet (page 2 of 3), drawn rotated",identity,absent,,,,,,,,,,,,,,,,,
F031,3563,4,C:/t/r2x/r32-stage/renders/F031-p4.png,"continuation of the comments resolution sheet (page 2 of 3), drawn rotated",revision,absent,,,,,,,,,,,,,,,,,
F031,3563,4,C:/t/r2x/r32-stage/renders/F031-p4.png,"continuation of the comments resolution sheet (page 2 of 3), drawn rotated",decision,absent,,,,no_decision_area,,,,,,,,,,,,,
F032,27331,1,C:/t/r2x/r32-stage/renders/F032-p1.png,Document Submittal form (cover of the package),identity,present,B01-ASC-SD-ELE-0075,,,,Submittal Ref.No.,own submittal reference of the package,resolved,,"[0.25, 0.167, 0.45, 0.178]",C:/t/r2x/r32-stage/crops/F032-p1-0.16_0.155_0.92_0.172.png,,,,,,,
F032,27331,1,C:/t/r2x/r32-stage/renders/F032-p1.png,Document Submittal form (cover of the package),revision,present,00,,,,Rev. No.,revision of this submittal,resolved,,"[0.59, 0.167, 0.61, 0.178]",C:/t/r2x/r32-stage/crops/F032-p1-0.16_0.155_0.92_0.172.png,,,,,,,
F032,27331,1,C:/t/r2x/r32-stage/renders/F032-p1.png,Document Submittal form (cover of the package),decision,present,Code B,,approved as noted,,,,resolved,consultant (Mirage; electrical reviewer Bipin Mathew 03.06.2025; M.H Sr. Resident Engineer - MLD signed 3/6/2025),"[0.33, 0.66, 0.41, 0.673]",C:/t/r2x/r32-stage/crops/F032-p1-0.16_0.655_0.92_0.68.png,"the code box is marked; the printed legend on the same page reads 'A-Approved, B-Approved with comments, C-Not Approved (Re-submit within 14 days), D-Incomplete, Resubmit, E-Submitted for Information' (box filled green, circled)",,,,,,
F032,27331,2,C:/t/r2x/r32-stage/renders/F032-p2.png,contractor (Al Sahel) J269 CIRCULATION stamp sheet,identity,absent,,,,,,,,,,,handwritten contractor note 'SD-ELE-75' only,,,,,,
F032,27331,2,C:/t/r2x/r32-stage/renders/F032-p2.png,contractor (Al Sahel) J269 CIRCULATION stamp sheet,revision,absent,,,,,,,,,,,,,,,,,
F032,27331,2,C:/t/r2x/r32-stage/renders/F032-p2.png,contractor (Al Sahel) J269 CIRCULATION stamp sheet,decision,absent,,,,no_decision_area,,,,,,,contractor circulation ticks and the handwritten code note are not the reviewing party's decision,,,,,,
F032,27331,3,C:/t/r2x/r32-stage/renders/F032-p3.png,DRAWING REGISTER of the submittal (2 listed item(s)),identity,present,B01-ASC-SD-ELE-0075,,,,Submittal Ref:,submittal reference of the package this register belongs to,resolved,,"[0.037, 0.155, 0.305, 0.167]",C:/t/r2x/r32-stage/crops/F032-p3-0.03_0.15_0.8_0.4.png,printed as 'B01-ASC-SD-ELE-0075-Rev.00',,,,,,
F032,27331,3,C:/t/r2x/r32-stage/renders/F032-p3.png,DRAWING REGISTER of the submittal (2 listed item(s)),revision,present,00,,,,Rev. (in 'B01-ASC-SD-ELE-0075-Rev.00'),labelled revision appended to the submittal reference,resolved,,"[0.265, 0.155, 0.305, 0.167]",C:/t/r2x/r32-stage/crops/F032-p3-0.03_0.15_0.8_0.4.png,,,,,,,
F032,27331,3,C:/t/r2x/r32-stage/renders/F032-p3.png,DRAWING REGISTER of the submittal (2 listed item(s)),decision,present,B,,approved as noted,,,,uncertain,consultant (Status entries in a different typeface from the register),"[0.71, 0.3, 0.76, 0.365]",C:/t/r2x/r32-stage/crops/F032-p3-0.03_0.15_0.8_0.4.png,"status letter(s) written per listed drawing in the Status column (2 row(s)), not a single decision printed for the register page; who wrote them is not printed",,,,,,
F032,27331,4,C:/t/r2x/r32-stage/renders/F032-p4.png,shop drawing sheet: Tower 1 25th to 34th floor plan (tier 1) emergency lighting layout (A1),identity,present,B01-02-ASC_EGTS-T01_L25_34-SD-EML-0012,,,,DRAWING NO.,own drawing number in the title block,resolved,,"[0.85, 0.949, 0.949, 0.955]",C:/t/r2x/r32-stage/crops/F032-p4-0.84_0.935_0.98_0.97.png,,,,,,,
F032,27331,4,C:/t/r2x/r32-stage/renders/F032-p4.png,shop drawing sheet: Tower 1 25th to 34th floor plan (tier 1) emergency lighting layout (A1),revision,present,00,,,,REVISION,current revision cell in the title block,resolved,,"[0.961, 0.958, 0.967, 0.965]",C:/t/r2x/r32-stage/crops/F032-p4-0.84_0.935_0.98_0.97.png,,,,,,,
F032,27331,4,C:/t/r2x/r32-stage/renders/F032-p4.png,shop drawing sheet: Tower 1 25th to 34th floor plan (tier 1) emergency lighting layout (A1),decision,present,B Approved with comments,,approved as noted,,,,resolved,"consultant (Mirage Leisure And Development review block, Reviewed By Bipin Mathew, 03.06.2025)","[0.868, 0.22, 0.89, 0.245]",C:/t/r2x/r32-stage/crops/F032-p4-0.84_0.19_0.98_0.275.png,the B cell of the A-E review block in the right-hand title strip is highlighted (green),,,,,,
F033,3563,1,C:/t/r2x/r32-stage/renders/F033-p1.png,"Pivot / Al Arabia electrical shop drawing sheet (A1, scanned): fire alarm layout second floor plan (part A) (sheet 1 of 5)",identity,present,FAM-PIV-MAH-SPD-FA-2633-004 A,,,,DWG. NO:,own drawing number in the title block,resolved,,"[0.86, 0.935, 0.95, 0.945]",C:/t/r2x/r32-stage/crops/F033-p1-0.85_0.91_0.98_0.95.png,printed with a space before the final 'A' (sheet part),,,,,,
F033,3563,1,C:/t/r2x/r32-stage/renders/F033-p1.png,"Pivot / Al Arabia electrical shop drawing sheet (A1, scanned): fire alarm layout second floor plan (part A) (sheet 1 of 5)",revision,present,01,,,,Rev. no.,current revision cell in the title block,resolved,,"[0.955, 0.935, 0.98, 0.945]",C:/t/r2x/r32-stage/crops/F033-p1-0.85_0.91_0.98_0.95.png,revision table rows 00 05-03-16 ISSUED FOR APPROVAL and 01 07-05-16 AS PER CONSULTANT COMMENTS agree,,,,,,
F033,3563,1,C:/t/r2x/r32-stage/renders/F033-p1.png,"Pivot / Al Arabia electrical shop drawing sheet (A1, scanned): fire alarm layout second floor plan (part A) (sheet 1 of 5)",decision,present,APPROVED AS NOTED / RESUBMIT,,approved as noted,,,,resolved,"consultant (Dewan Architects + Engineers REVIEW NOTE stamp, D14-22, The First Avenue Mall & Hotel)","[0.94, 0.635, 0.98, 0.645]",C:/t/r2x/r32-stage/crops/F033-p1-0.93_0.58_0.99_0.68.png,the option also requires resubmission; class kept as approved as noted (as F001); reviewer to rule | stamp in the consultant cell of the title strip; a red tick from the reviewer's red date / initials (17.8.16) runs into the APPROVED AS NOTED / RESUBMIT box,,,,,,
F034,27331,1,C:/t/r2x/r32-stage/renders/F034-p1.png,Document Submittal form (cover of the package),identity,present,B01-ASC-SD-ELE-0104,,,,Submittal Ref.No.,own submittal reference of the package,resolved,,"[0.25, 0.167, 0.45, 0.178]",C:/t/r2x/r32-stage/crops/F034-p1-0.16_0.158_0.92_0.175.png,,,,,,,
F034,27331,1,C:/t/r2x/r32-stage/renders/F034-p1.png,Document Submittal form (cover of the package),revision,present,00,,,,Rev. No.,revision of this submittal,resolved,,"[0.59, 0.167, 0.61, 0.178]",C:/t/r2x/r32-stage/crops/F034-p1-0.16_0.158_0.92_0.175.png,,,,,,,
F034,27331,1,C:/t/r2x/r32-stage/renders/F034-p1.png,Document Submittal form (cover of the package),decision,present,Code B,,approved as noted,,,,resolved,consultant (Mirage; electrical reviewer Bipin Mathew 17.06.2025; M.H Sr. Resident Engineer - MLD signed 17/06/2025),"[0.33, 0.663, 0.41, 0.676]",C:/t/r2x/r32-stage/crops/F034-p1-0.16_0.66_0.92_0.685.png,"the code box is marked; the printed legend on the same page reads 'A-Approved, B-Approved with comments, C-Not Approved (Re-submit within 14 days), D-Incomplete, Resubmit, E-Submitted for Information' (box filled green, ticked and circled)",,,,,,
F034,27331,2,C:/t/r2x/r32-stage/renders/F034-p2.png,contractor (Al Sahel) J269 CIRCULATION stamp sheet,identity,absent,,,,,,,,,,,handwritten contractor note 'SD-ELE-104' only,,,,,,
F034,27331,2,C:/t/r2x/r32-stage/renders/F034-p2.png,contractor (Al Sahel) J269 CIRCULATION stamp sheet,revision,absent,,,,,,,,,,,,,,,,,
F034,27331,2,C:/t/r2x/r32-stage/renders/F034-p2.png,contractor (Al Sahel) J269 CIRCULATION stamp sheet,decision,absent,,,,no_decision_area,,,,,,,contractor circulation ticks and the handwritten code note are not the reviewing party's decision,,,,,,
F034,27331,3,C:/t/r2x/r32-stage/renders/F034-p3.png,DRAWING REGISTER of the submittal (2 listed item(s)),identity,present,B01-ASC-SD-ELE-0104,,,,Submittal Ref:,submittal reference of the package this register belongs to,resolved,,"[0.037, 0.155, 0.305, 0.167]",C:/t/r2x/r32-stage/crops/F034-p3-0.03_0.15_0.8_0.4.png,printed as 'B01-ASC-SD-ELE-0104-Rev.00',,,,,,
F034,27331,3,C:/t/r2x/r32-stage/renders/F034-p3.png,DRAWING REGISTER of the submittal (2 listed item(s)),revision,present,00,,,,Rev. (in 'B01-ASC-SD-ELE-0104-Rev.00'),labelled revision appended to the submittal reference,resolved,,"[0.265, 0.155, 0.305, 0.167]",C:/t/r2x/r32-stage/crops/F034-p3-0.03_0.15_0.8_0.4.png,,,,,,,
F034,27331,3,C:/t/r2x/r32-stage/renders/F034-p3.png,DRAWING REGISTER of the submittal (2 listed item(s)),decision,present,B,,approved as noted,,,,uncertain,consultant (Status entries in a different typeface from the register),"[0.71, 0.3, 0.76, 0.36]",C:/t/r2x/r32-stage/crops/F034-p3-0.03_0.15_0.8_0.4.png,"status letter(s) written per listed drawing in the Status column (2 row(s)), not a single decision printed for the register page; who wrote them is not printed",,,,,,
F034,27331,4,C:/t/r2x/r32-stage/renders/F034-p4.png,shop drawing sheet: Tower 1 57th floor plan (tier 4) emergency lighting layout (A1),identity,present,B01-02-ASC_EGTS-T01_L57-SD-EML-0018,,,,DRAWING NO.,own drawing number in the title block,resolved,,"[0.854, 0.948, 0.946, 0.954]",C:/t/r2x/r32-stage/crops/F034-p4-0.84_0.935_0.98_0.97.png,,,,,,,
F034,27331,4,C:/t/r2x/r32-stage/renders/F034-p4.png,shop drawing sheet: Tower 1 57th floor plan (tier 4) emergency lighting layout (A1),revision,present,00,,,,REVISION,current revision cell in the title block,resolved,,"[0.961, 0.958, 0.967, 0.965]",C:/t/r2x/r32-stage/crops/F034-p4-0.84_0.935_0.98_0.97.png,,,,,,,
F034,27331,4,C:/t/r2x/r32-stage/renders/F034-p4.png,shop drawing sheet: Tower 1 57th floor plan (tier 4) emergency lighting layout (A1),decision,present,B Approved with comments,,approved as noted,,,,resolved,"consultant (Mirage Leisure And Development review block, Reviewed By Bipin Mathew, 11.06.2025)","[0.868, 0.22, 0.89, 0.245]",C:/t/r2x/r32-stage/crops/F034-p4-0.84_0.19_0.98_0.275.png,the drawing's review date (11.06.2025) differs from the cover form's (17.06.2025); the decision letter agrees | the B cell of the A-E review block in the right-hand title strip is highlighted (green),,,,,,
F035,22349,1,C:/t/r2x/r32-stage/renders/F035-p1.png,EMAAR / Mirage MATERIAL APPROVAL SUBMITTAL (another project: AR III Wadi Al Safa 5; contractor Ginco) for the supplier's emergency / exit lighting monitoring system,identity,present,GGC/140/MAS/MEP-ELE-026,,,,Submittal Ref:,own material approval submittal number,resolved,,"[0.64, 0.21, 0.88, 0.225]",C:/t/r2x/r32-stage/crops/F035-p1-0.5_0.2_1_0.26.png,,,,,,,
F035,22349,1,C:/t/r2x/r32-stage/renders/F035-p1.png,EMAAR / Mirage MATERIAL APPROVAL SUBMITTAL (another project: AR III Wadi Al Safa 5; contractor Ginco) for the supplier's emergency / exit lighting monitoring system,revision,present,03,,,,REV.,revision of this submittal,resolved,,"[0.89, 0.21, 0.98, 0.225]",C:/t/r2x/r32-stage/crops/F035-p1-0.5_0.2_1_0.26.png,printed 'REV. 03' in one cell; literal is the value after the label,,,,,,
F035,22349,1,C:/t/r2x/r32-stage/renders/F035-p1.png,EMAAR / Mirage MATERIAL APPROVAL SUBMITTAL (another project: AR III Wadi Al Safa 5; contractor Ginco) for the supplier's emergency / exit lighting monitoring system,decision,present,B,,approved as noted,,,,resolved,"consultant (ENGINEER'S COMMENTS, Mirage; signed 09/11/2021)","[0.18, 0.515, 0.3, 0.53]",C:/t/r2x/r32-stage/crops/F035-p1-0.12_0.49_0.6_0.55.png,a tick from the B box; legend on the page: 'B: No Objection subject to comments'; the Employer's Representative block below circles B as well,,,,,,
F035,22349,2,C:/t/r2x/r32-stage/renders/F035-p2.png,Emarat / Al Burj Material Approval Request (another project: Al Rashidiyah filling station) for emergency lights by the same supplier,identity,present,CRWN-ELEC-MAT-024,,,,Ref. No.,own material approval request number,resolved,,"[0.73, 0.135, 0.96, 0.15]",C:/t/r2x/r32-stage/crops/F035-p2-0.65_0.13_0.98_0.21.png,,,,,,,
F035,22349,2,C:/t/r2x/r32-stage/renders/F035-p2.png,Emarat / Al Burj Material Approval Request (another project: Al Rashidiyah filling station) for emergency lights by the same supplier,revision,illegible,,,,,Rev. No.,,resolved,,"[0.73, 0.16, 0.96, 0.19]",C:/t/r2x/r32-stage/crops/F035-p2-0.65_0.13_0.98_0.21.png,the printed cell is blank; a handwritten 'X' and a circled '2' are written in it: whether '2' is the revision or a reviewer mark is not established,,,,,,
F035,22349,2,C:/t/r2x/r32-stage/renders/F035-p2.png,Emarat / Al Burj Material Approval Request (another project: Al Rashidiyah filling station) for emergency lights by the same supplier,decision,present,B- Approved As Noted,,approved as noted,,,,resolved,"consultant (Al Burj Engineering Consultant Resident Engineer, signed 19-09-2021)","[0.74, 0.68, 0.88, 0.695]",C:/t/r2x/r32-stage/crops/F035-p2-0.72_0.64_0.92_0.73.png,tick in the B box of the resident engineer's comments; the client representative's B option is highlighted too (22/9/21),,,,,,
F035,22349,3,C:/t/r2x/r32-stage/renders/F035-p3.png,"MUSE / ARCO SUBMITTALS SHEET (another project: Angola Pavilion, Expo 2020) for emergency light sample tags",identity,present,ANG-EXPO-MUSE-NSD-ARCO-MEP-ST-024,,,,REF NO.,own submittal sheet number,resolved,,"[0.5, 0.148, 0.78, 0.162]",C:/t/r2x/r32-stage/crops/F035-p3-0.15_0.14_0.95_0.18.png,,,,,,,
F035,22349,3,C:/t/r2x/r32-stage/renders/F035-p3.png,"MUSE / ARCO SUBMITTALS SHEET (another project: Angola Pavilion, Expo 2020) for emergency light sample tags",revision,present,00,,,,REVISION,revision of this submittal,resolved,,"[0.87, 0.148, 0.94, 0.162]",C:/t/r2x/r32-stage/crops/F035-p3-0.15_0.14_0.95_0.18.png,,,,,,,
F035,22349,3,C:/t/r2x/r32-stage/renders/F035-p3.png,"MUSE / ARCO SUBMITTALS SHEET (another project: Angola Pavilion, Expo 2020) for emergency light sample tags",decision,ambiguous,Samples not new & dilapidated. Replace samples (of good condition) for AX-T741 & AX-T708. Samples for AX-T605L & AX-T632L are approved.,,,,,,resolved,"PMC / design architect (MUSE), signed 27.04.2021","[0.17, 0.53, 0.94, 0.74]",C:/t/r2x/r32-stage/crops/F035-p3-0.15_0.52_0.95_0.75.png,no status box exists; the handwritten comment rejects two samples and approves two: no single decision for the submittal,,,,,,
F035,22349,4,C:/t/r2x/r32-stage/renders/F035-p4.png,Dubai Health Authority Material Approval Form (another project: DIC emergency & trauma center) for an emergency light monitoring system,identity,present,MLT-J2734-MAF-EL-025,,,,Submittal No.,own material approval form number,resolved,,"[0.22, 0.112, 0.4, 0.125]",C:/t/r2x/r32-stage/crops/F035-p4-0.08_0.1_0.98_0.13.png,faint scan; read as MLT-J2734-MAF-EL-025,,,,,,
F035,22349,4,C:/t/r2x/r32-stage/renders/F035-p4.png,Dubai Health Authority Material Approval Form (another project: DIC emergency & trauma center) for an emergency light monitoring system,revision,present,01,,,,Rev.,revision of this submittal,resolved,,"[0.46, 0.112, 0.5, 0.125]",C:/t/r2x/r32-stage/crops/F035-p4-0.08_0.1_0.98_0.13.png,,,,,,,
F035,22349,4,C:/t/r2x/r32-stage/renders/F035-p4.png,Dubai Health Authority Material Approval Form (another project: DIC emergency & trauma center) for an emergency light monitoring system,decision,present,No Objection with Comments,,approved as noted,,,,resolved,"consultant (For Consultants block, Hosmac; signed 25/08/21)","[0.1, 0.465, 0.32, 0.48]",C:/t/r2x/r32-stage/crops/F035-p4-0.08_0.45_0.98_0.55.png,red tick at 'No Objection with Comments' and red comment; the DHA block separately ticks '2. work may proceed subject to incorporation of comments' (authority),,,,,,
F036,27331,1,C:/t/r2x/r32-stage/renders/F036-p1.png,Document Submittal form (cover of the package),identity,present,B01-ASC-SD-ELE-0109,,,,Submittal Ref.No.,own submittal reference of the package,resolved,,"[0.25, 0.167, 0.45, 0.178]",C:/t/r2x/r32-stage/crops/F036-p1-0.15_0.162_0.92_0.18.png,,,,,,,
F036,27331,1,C:/t/r2x/r32-stage/renders/F036-p1.png,Document Submittal form (cover of the package),revision,present,00,,,,Rev. No.,revision of this submittal,resolved,,"[0.59, 0.167, 0.61, 0.178]",C:/t/r2x/r32-stage/crops/F036-p1-0.15_0.162_0.92_0.18.png,,,,,,,
F036,27331,1,C:/t/r2x/r32-stage/renders/F036-p1.png,Document Submittal form (cover of the package),decision,present,Code B,,approved as noted,,,,resolved,consultant (Mirage; electrical reviewer Bipin Mathew 17.06.2025; M.H Sr. Resident Engineer - MLD signed 17/6/2025),"[0.33, 0.67, 0.41, 0.683]",C:/t/r2x/r32-stage/crops/F036-p1-0.15_0.665_0.92_0.69.png,"the code box is marked; the printed legend on the same page reads 'A-Approved, B-Approved with comments, C-Not Approved (Re-submit within 14 days), D-Incomplete, Resubmit, E-Submitted for Information' (box filled green, ticked and circled)",,,,,,
F036,27331,2,C:/t/r2x/r32-stage/renders/F036-p2.png,contractor (Al Sahel) J269 CIRCULATION stamp sheet,identity,absent,,,,,,,,,,,handwritten contractor note 'SD-ELE-109' only,,,,,,
F036,27331,2,C:/t/r2x/r32-stage/renders/F036-p2.png,contractor (Al Sahel) J269 CIRCULATION stamp sheet,revision,absent,,,,,,,,,,,,,,,,,
F036,27331,2,C:/t/r2x/r32-stage/renders/F036-p2.png,contractor (Al Sahel) J269 CIRCULATION stamp sheet,decision,absent,,,,no_decision_area,,,,,,,contractor circulation ticks and the handwritten code note are not the reviewing party's decision,,,,,,
F036,27331,3,C:/t/r2x/r32-stage/renders/F036-p3.png,DRAWING REGISTER of the submittal (10 listed item(s)),identity,present,B01-ASC-SD-ELE-0109,,,,Submittal Ref:,submittal reference of the package this register belongs to,resolved,,"[0.035, 0.154, 0.3, 0.166]",C:/t/r2x/r32-stage/crops/F036-p3-0.03_0.15_0.8_0.62.png,printed as 'B01-ASC-SD-ELE-0109-Rev.00',,,,,,
F036,27331,3,C:/t/r2x/r32-stage/renders/F036-p3.png,DRAWING REGISTER of the submittal (10 listed item(s)),revision,present,00,,,,Rev. (in 'B01-ASC-SD-ELE-0109-Rev.00'),labelled revision appended to the submittal reference,resolved,,"[0.26, 0.154, 0.3, 0.166]",C:/t/r2x/r32-stage/crops/F036-p3-0.03_0.15_0.8_0.62.png,,,,,,,
F036,27331,3,C:/t/r2x/r32-stage/renders/F036-p3.png,DRAWING REGISTER of the submittal (10 listed item(s)),decision,present,B,,approved as noted,,,,uncertain,consultant (Status entries in a different typeface from the register),"[0.71, 0.3, 0.76, 0.62]",C:/t/r2x/r32-stage/crops/F036-p3-0.03_0.15_0.8_0.62.png,"status letter(s) written per listed drawing in the Status column (10 row(s)), not a single decision printed for the register page; who wrote them is not printed",,,,,,
F036,27331,4,C:/t/r2x/r32-stage/renders/F036-p4.png,shop drawing sheet: Tower 2 10th-18th floor plan (tier 1) emergency lighting layout (A1),identity,present,B01-02-ASC_EGTS-T02_L10_18-SD-EML-0021,,,,DRAWING NO.,own drawing number in the title block,resolved,,"[0.85, 0.949, 0.949, 0.955]",C:/t/r2x/r32-stage/crops/F036-p4-0.84_0.935_0.98_0.97.png,,,,,,,
F036,27331,4,C:/t/r2x/r32-stage/renders/F036-p4.png,shop drawing sheet: Tower 2 10th-18th floor plan (tier 1) emergency lighting layout (A1),revision,present,00,,,,REVISION,current revision cell in the title block,resolved,,"[0.961, 0.958, 0.967, 0.965]",C:/t/r2x/r32-stage/crops/F036-p4-0.84_0.935_0.98_0.97.png,,,,,,,
F036,27331,4,C:/t/r2x/r32-stage/renders/F036-p4.png,shop drawing sheet: Tower 2 10th-18th floor plan (tier 1) emergency lighting layout (A1),decision,present,B Approved with comments,,approved as noted,,,,resolved,"consultant (Mirage Leisure And Development review block, Reviewed By Bipin Mathew, 17.06.2025)","[0.868, 0.22, 0.89, 0.245]",C:/t/r2x/r32-stage/crops/F036-p4-0.84_0.19_0.98_0.275.png,the B cell of the A-E review block in the right-hand title strip is highlighted (green),,,,,,
F037,27331,1,C:/t/r2x/r32-stage/renders/F037-p1.png,Document Submittal form (cover of the package),identity,present,B01-ASC-SD-ELE-0084,,,,Submittal Ref.No.,own submittal reference of the package,resolved,,"[0.25, 0.153, 0.43, 0.163]",C:/t/r2x/r32-stage/crops/F037-p1-0.16_0.15_0.92_0.168.png,,,,,,,
F037,27331,1,C:/t/r2x/r32-stage/renders/F037-p1.png,Document Submittal form (cover of the package),revision,present,0,,,,Rev. No.,revision of this submittal,resolved,,"[0.59, 0.153, 0.6, 0.163]",C:/t/r2x/r32-stage/crops/F037-p1-0.16_0.15_0.92_0.168.png,,,,,,,
F037,27331,1,C:/t/r2x/r32-stage/renders/F037-p1.png,Document Submittal form (cover of the package),decision,present,Code B,,approved as noted,,,,resolved,consultant (Mirage; electrical reviewer Bipin Mathew 09/06/2025; M.H Sr. Resident Engineer - MLD signed 10/6/2025),"[0.34, 0.655, 0.41, 0.668]",C:/t/r2x/r32-stage/crops/F037-p1-0.16_0.65_0.92_0.675.png,"the code box is marked; the printed legend on the same page reads 'A-Approved, B-Approved with comments, C-Not Approved (Re-submit within 14 days), D-Incomplete, Resubmit, E-Submitted for Information' (box filled red, clouded)",,,,,,
F037,27331,2,C:/t/r2x/r32-stage/renders/F037-p2.png,DRAWING REGISTER of the submittal (1 listed item(s)),identity,present,B01-ASC-SD-ELE-0084,,,,Submittal Ref:,submittal reference of the package this register belongs to,resolved,,"[0.03, 0.155, 0.3, 0.167]",C:/t/r2x/r32-stage/crops/F037-p2-0.03_0.15_0.8_0.34.png,printed as 'B01-ASC-SD-ELE-0084-Rev.00',,,,,,
F037,27331,2,C:/t/r2x/r32-stage/renders/F037-p2.png,DRAWING REGISTER of the submittal (1 listed item(s)),revision,present,00,,,,Rev. (in 'B01-ASC-SD-ELE-0084-Rev.00'),labelled revision appended to the submittal reference,resolved,,"[0.26, 0.155, 0.3, 0.167]",C:/t/r2x/r32-stage/crops/F037-p2-0.03_0.15_0.8_0.34.png,,,,,,,
F037,27331,2,C:/t/r2x/r32-stage/renders/F037-p2.png,DRAWING REGISTER of the submittal (1 listed item(s)),decision,present,B,,approved as noted,,,,uncertain,consultant (Status entries in a different typeface from the register),"[0.71, 0.3, 0.75, 0.322]",C:/t/r2x/r32-stage/crops/F037-p2-0.03_0.15_0.8_0.34.png,"status letter(s) written per listed drawing in the Status column (1 row(s)), not a single decision printed for the register page; who wrote them is not printed",,,,,,
F037,27331,3,C:/t/r2x/r32-stage/renders/F037-p3.png,shop drawing sheet: Tower 1 49th to 53rd floor plan (tier 3) fire alarm & voice evacuation layout (A1),identity,present,B01-02-ASC_EGTS-T01_L49_53-SD-FA-0016,,,,DRAWING NO.,own drawing number in the title block,resolved,,"[0.864, 0.963, 0.964, 0.97]",C:/t/r2x/r32-stage/crops/F037-p3-0.86_0.955_0.995_0.985.png,,,,,,,
F037,27331,3,C:/t/r2x/r32-stage/renders/F037-p3.png,shop drawing sheet: Tower 1 49th to 53rd floor plan (tier 3) fire alarm & voice evacuation layout (A1),revision,present,00,,,,REVISION,current revision cell in the title block,resolved,,"[0.976, 0.973, 0.984, 0.982]",C:/t/r2x/r32-stage/crops/F037-p3-0.86_0.955_0.995_0.985.png,,,,,,,
F037,27331,3,C:/t/r2x/r32-stage/renders/F037-p3.png,shop drawing sheet: Tower 1 49th to 53rd floor plan (tier 3) fire alarm & voice evacuation layout (A1),decision,present,B Approved with comments,,approved as noted,,,,resolved,"consultant (Mirage Leisure And Development review block, Reviewed By Bipin Mathew, 09.06.2025)","[0.885, 0.215, 0.91, 0.24]",C:/t/r2x/r32-stage/crops/F037-p3-0.86_0.19_0.99_0.27.png,the B cell of the A-E review block in the right-hand title strip is highlighted (green),,,,,,
F038,22349,1,C:/t/r2x/r32-stage/renders/F038-p1.png,"Ajman Civil Defence letter: approval of plans (اعتماد مخططات), initial engineering plan approval, to Infinity Engineering Consultants",identity,present,2020-4-1072822,,,,الرقم (No.),own letter / transaction number,resolved,,"[0.66, 0.205, 0.8, 0.218]",C:/t/r2x/r32-stage/crops/F038-p1-0.05_0.19_0.95_0.47.png,,,,,,,
F038,22349,1,C:/t/r2x/r32-stage/renders/F038-p1.png,"Ajman Civil Defence letter: approval of plans (اعتماد مخططات), initial engineering plan approval, to Infinity Engineering Consultants",revision,absent,,,,,,,,,,,issue date 15/03/2020 and expiry 14/03/2021 only,,,,,,
F038,22349,1,C:/t/r2x/r32-stage/renders/F038-p1.png,"Ajman Civil Defence letter: approval of plans (اعتماد مخططات), initial engineering plan approval, to Infinity Engineering Consultants",decision,present,نحيطكم علما بأنه قد تم اعتماد المخططات من قبلنا و لا مانع لدينا من تنفيذ هذه الأعمال شريطة التقيد بالتالي,,approved,,,,resolved,"authority (Ajman Civil Defence, head of the prevention and safety section, signed)","[0.08, 0.55, 0.93, 0.585]",C:/t/r2x/r32-stage/renders/F038-p1.png,"approval subject to standard conditions; class 'approved' (the conditions are generic) or 'approved as noted': reviewer to rule | the letter states the plans 'have been approved by us and we have no objection to executing these works, subject to' listed conditions",,,,,,
F038,22349,2,C:/t/r2x/r32-stage/renders/F038-p2.png,"Infinity Engineering Consultants fire fighting drawing F.F-00 (setting layout plan, fire fighting layout plan) bearing the Ajman Civil Defence 'Initial Drawings Approval' stamp",identity,present,F.F-00,,,,SHEET NO.,own sheet number in the title block,resolved,,"[0.9, 0.945, 0.95, 0.96]",C:/t/r2x/r32-stage/crops/F038-p2-0.88_0.7_1_0.98.png,the title block has no separate drawing-number cell; SHEET NO. is the sheet's own number,,,,,,
F038,22349,2,C:/t/r2x/r32-stage/renders/F038-p2.png,"Infinity Engineering Consultants fire fighting drawing F.F-00 (setting layout plan, fire fighting layout plan) bearing the Ajman Civil Defence 'Initial Drawings Approval' stamp",revision,absent,,,,,,,,,,,the title block has no revision cell (DATE 20/02/2020 only),,,,,,
F038,22349,2,C:/t/r2x/r32-stage/renders/F038-p2.png,"Infinity Engineering Consultants fire fighting drawing F.F-00 (setting layout plan, fire fighting layout plan) bearing the Ajman Civil Defence 'Initial Drawings Approval' stamp",decision,present,إعتماد مخططات أولية / Initial Drawings Approval,,approved,,,,resolved,"authority (Ajman Civil Defence, Protection and Safety Department; stamp no. 2020-4-1072822, 15 Mar 2020)","[0.64, 0.75, 0.86, 0.96]",C:/t/r2x/r32-stage/crops/F038-p2-0.62_0.72_0.88_0.97.png,"the stamp's printed conditions say the approval is preliminary (valid one year, not for execution): class 'approved' for an initial approval; reviewer to rule | the authority stamp with the transaction number and date sits on this sheet beside the title block; red 'مخططات اوليه' (initial drawings) box; a third-party 'AJ Training & Consultancy' stamp with 'APPROVED WITH COMMENTS' (11 Mar 2020) appears on page 2 only",,,,,,
F038,22349,3,C:/t/r2x/r32-stage/renders/F038-p3.png,"Infinity Engineering Consultants fire fighting drawing F.F-01 (ground floor plan, fire fighting layout plan) bearing the Ajman Civil Defence 'Initial Drawings Approval' stamp",identity,present,F.F-01,,,,SHEET NO.,own sheet number in the title block,resolved,,"[0.9, 0.945, 0.95, 0.96]",C:/t/r2x/r32-stage/renders/F038-p3.png,the title block has no separate drawing-number cell; SHEET NO. is the sheet's own number,,,,,,
F038,22349,3,C:/t/r2x/r32-stage/renders/F038-p3.png,"Infinity Engineering Consultants fire fighting drawing F.F-01 (ground floor plan, fire fighting layout plan) bearing the Ajman Civil Defence 'Initial Drawings Approval' stamp",revision,absent,,,,,,,,,,,the title block has no revision cell (DATE 20/02/2020 only),,,,,,
F038,22349,3,C:/t/r2x/r32-stage/renders/F038-p3.png,"Infinity Engineering Consultants fire fighting drawing F.F-01 (ground floor plan, fire fighting layout plan) bearing the Ajman Civil Defence 'Initial Drawings Approval' stamp",decision,present,إعتماد مخططات أولية / Initial Drawings Approval,,approved,,,,resolved,"authority (Ajman Civil Defence, Protection and Safety Department; stamp no. 2020-4-1072822, 15 Mar 2020)","[0.64, 0.75, 0.86, 0.96]",C:/t/r2x/r32-stage/crops/F038-p3-0.62_0.72_0.88_0.97.png,"the stamp's printed conditions say the approval is preliminary (valid one year, not for execution): class 'approved' for an initial approval; reviewer to rule | the authority stamp with the transaction number and date sits on this sheet beside the title block; red 'مخططات اوليه' (initial drawings) box; a third-party 'AJ Training & Consultancy' stamp with 'APPROVED WITH COMMENTS' (11 Mar 2020) appears on page 2 only",,,,,,
F038,22349,4,C:/t/r2x/r32-stage/renders/F038-p4.png,"Infinity Engineering Consultants fire fighting drawing F.F-02 (first parking plan, fire fighting layout plan) bearing the Ajman Civil Defence 'Initial Drawings Approval' stamp",identity,present,F.F-02,,,,SHEET NO.,own sheet number in the title block,resolved,,"[0.9, 0.945, 0.95, 0.96]",C:/t/r2x/r32-stage/crops/F038-p4-0.88_0.7_1_0.98.png,the title block has no separate drawing-number cell; SHEET NO. is the sheet's own number,,,,,,
F038,22349,4,C:/t/r2x/r32-stage/renders/F038-p4.png,"Infinity Engineering Consultants fire fighting drawing F.F-02 (first parking plan, fire fighting layout plan) bearing the Ajman Civil Defence 'Initial Drawings Approval' stamp",revision,absent,,,,,,,,,,,the title block has no revision cell (DATE 20/02/2020 only),,,,,,
F038,22349,4,C:/t/r2x/r32-stage/renders/F038-p4.png,"Infinity Engineering Consultants fire fighting drawing F.F-02 (first parking plan, fire fighting layout plan) bearing the Ajman Civil Defence 'Initial Drawings Approval' stamp",decision,present,إعتماد مخططات أولية / Initial Drawings Approval,,approved,,,,resolved,"authority (Ajman Civil Defence, Protection and Safety Department; stamp no. 2020-4-1072822, 15 Mar 2020)","[0.64, 0.75, 0.86, 0.96]",C:/t/r2x/r32-stage/crops/F038-p4-0.62_0.72_0.88_0.97.png,"the stamp's printed conditions say the approval is preliminary (valid one year, not for execution): class 'approved' for an initial approval; reviewer to rule | the authority stamp with the transaction number and date sits on this sheet beside the title block; red 'مخططات اوليه' (initial drawings) box; a third-party 'AJ Training & Consultancy' stamp with 'APPROVED WITH COMMENTS' (11 Mar 2020) appears on page 2 only",,,,,,
F039,26687,1,C:/t/r2x/r32-stage/renders/F039-p1.png,AREX / ENCO SHOP DRAWING APPROVAL REQUEST (SDAR) form,identity,present,SDAR-MEP-FA-6001,,,,Ref. No.,own approval-request reference,resolved,,"[0.653, 0.165, 0.831, 0.176]",C:/t/r2x/r32-stage/crops/F039-p1-0.6_0.14_0.9_0.2.png,printed as 'Ref. No.' immediately followed by the number without a space,,,,,,
F039,26687,1,C:/t/r2x/r32-stage/renders/F039-p1.png,AREX / ENCO SHOP DRAWING APPROVAL REQUEST (SDAR) form,revision,present,R0,,,,(none: suffix of the drawing description),suffix of the enclosed drawing's description line,uncertain,,"[0.72, 0.292, 0.78, 0.306]",C:/t/r2x/r32-stage/renders/F039-p1.png,the form has no revision cell; '-R0' ends the description 'FA-6001 SCHEMATIC DIAGRAM FIRE ALARM LAYOUT-R0' of the enclosed drawing,,,,,,
F039,26687,1,C:/t/r2x/r32-stage/renders/F039-p1.png,AREX / ENCO SHOP DRAWING APPROVAL REQUEST (SDAR) form,decision,present,B - Approved as noted,,approved as noted,,,,resolved,"consultant (AREX: Arun Menon, Sam Gopinathan, signed 18-09-2023)","[0.29, 0.775, 0.42, 0.79]",C:/t/r2x/r32-stage/crops/F039-p1-0.1_0.76_0.8_0.8.png,blue tick in the B box; 'Refer attached drawing for comments',,,,,,
F039,26687,2,C:/t/r2x/r32-stage/renders/F039-p2.png,"ENCO shop drawing (A2, drawn rotated on the page): fire alarm schematic diagram",identity,present,FA- 6001,,,,DWG-NO:,own drawing number in the title block,resolved,,"[0.93, 0.945, 0.972, 0.953]",C:/t/r2x/r32-stage/crops/F039-p2-0.88_0.9_1_0.97.png,printed as 'DWG-NO:FA- 6001' with a space after the hyphen; kept as printed,,,,,,
F039,26687,2,C:/t/r2x/r32-stage/renders/F039-p2.png,"ENCO shop drawing (A2, drawn rotated on the page): fire alarm schematic diagram",revision,present,0,,,,REV -,current revision cell in the title block,resolved,,"[0.974, 0.945, 0.991, 0.953]",C:/t/r2x/r32-stage/crops/F039-p2-0.88_0.9_1_0.97.png,printed 'REV - 0'; revision table row 0 SUBMITTED FOR APPROVAL 07-09-2023 agrees,,,,,,
F039,26687,2,C:/t/r2x/r32-stage/renders/F039-p2.png,"ENCO shop drawing (A2, drawn rotated on the page): fire alarm schematic diagram",decision,present,B Approved As Noted,,approved as noted,,,,resolved,"consultant (AREX SHOP DRAWING REVIEW STATUS stamp, signed 18-09-2023; review table codes B by the resident and electrical engineers)","[0.62, 0.8, 0.67, 0.83]",C:/t/r2x/r32-stage/crops/F039-p2-0.61_0.78_1_0.97.png,blue tick at B in the AREX review status stamp on this sheet; red consultant mark-ups,,,,,,
F040,26687,1,C:/t/r2x/r32-stage/renders/F040-p1.png,AREX / ENCO SHOP DRAWING APPROVAL REQUEST (SDAR) form,identity,present,SDAR-MEP-EM-104,,,,Ref. No.,own approval-request reference,resolved,,"[0.653, 0.165, 0.831, 0.176]",C:/t/r2x/r32-stage/crops/F040-p1-0.6_0.14_0.9_0.2.png,printed as 'Ref. No.' immediately followed by the number without a space,,,,,,
F040,26687,1,C:/t/r2x/r32-stage/renders/F040-p1.png,AREX / ENCO SHOP DRAWING APPROVAL REQUEST (SDAR) form,revision,present,R0,,,,(none: suffix of the drawing description),suffix of the enclosed drawing's description line,uncertain,,"[0.72, 0.292, 0.78, 0.306]",C:/t/r2x/r32-stage/renders/F040-p1.png,the form has no revision cell; '-R0' ends the description 'EM-104 SCHEMATIC DIAGRAM EM LIGHT LAYOUT-R0' of the enclosed drawing,,,,,,
F040,26687,1,C:/t/r2x/r32-stage/renders/F040-p1.png,AREX / ENCO SHOP DRAWING APPROVAL REQUEST (SDAR) form,decision,present,B - Approved as noted,,approved as noted,,,,resolved,"consultant (AREX: Arun Menon, Sam Gopinathan, signed 18-09-2023)","[0.29, 0.775, 0.42, 0.79]",C:/t/r2x/r32-stage/crops/F040-p1-0.1_0.76_0.8_0.8.png,blue tick in the B box; 'Refer attached drawing for comments',,,,,,
F040,26687,2,C:/t/r2x/r32-stage/renders/F040-p2.png,"ENCO shop drawing (A2, drawn rotated on the page): emergency schematic diagram",identity,present,EM- 104,,,,DWG-NO:,own drawing number in the title block,resolved,,"[0.93, 0.945, 0.972, 0.953]",C:/t/r2x/r32-stage/crops/F040-p2-0.88_0.9_1_0.97.png,printed as 'DWG-NO:EM- 104' with a space after the hyphen; kept as printed,,,,,,
F040,26687,2,C:/t/r2x/r32-stage/renders/F040-p2.png,"ENCO shop drawing (A2, drawn rotated on the page): emergency schematic diagram",revision,present,0,,,,REV -,current revision cell in the title block,resolved,,"[0.974, 0.945, 0.991, 0.953]",C:/t/r2x/r32-stage/crops/F040-p2-0.88_0.9_1_0.97.png,printed 'REV - 0'; revision table row 0 SUBMITTED FOR APPROVAL 07-09-2023 agrees,,,,,,
F040,26687,2,C:/t/r2x/r32-stage/renders/F040-p2.png,"ENCO shop drawing (A2, drawn rotated on the page): emergency schematic diagram",decision,present,B Approved As Noted,,approved as noted,,,,resolved,"consultant (AREX SHOP DRAWING REVIEW STATUS stamp, signed 18-09-2023; review table codes B by the resident and electrical engineers)","[0.62, 0.8, 0.67, 0.83]",C:/t/r2x/r32-stage/crops/F040-p2-0.61_0.78_1_0.97.png,blue tick at B in the AREX review status stamp on this sheet; red consultant mark-ups,,,,,,
F041,26687,1,C:/t/r2x/r32-stage/renders/F041-p1.png,"ENCO shop drawing (A2, drawn rotated on the page): emergency schematic diagram",identity,present,EM- 104,,,,DWG-NO:,own drawing number in the title block,resolved,,"[0.93, 0.945, 0.972, 0.953]",C:/t/r2x/r32-stage/crops/F041-p1-0.88_0.84_1_0.96.png,printed as 'DWG-NO:EM- 104' with a space after the hyphen; kept as printed,,,,,,
F041,26687,1,C:/t/r2x/r32-stage/renders/F041-p1.png,"ENCO shop drawing (A2, drawn rotated on the page): emergency schematic diagram",revision,present,0,,,,REV -,current revision cell in the title block,resolved,,"[0.974, 0.945, 0.991, 0.953]",C:/t/r2x/r32-stage/crops/F041-p1-0.88_0.84_1_0.96.png,,,,,,,
F041,26687,1,C:/t/r2x/r32-stage/renders/F041-p1.png,"ENCO shop drawing (A2, drawn rotated on the page): emergency schematic diagram",decision,absent,,,,no_decision_area,,,,,,,no consultant review stamp or status block on this copy; the round stamp near the title block is the subcontractor's company stamp,,,,,,
F042,22349,1,C:/t/r2x/r32-stage/renders/F042-p1.png,Infinity Engineering Consultants / Al Arabia drawing sheet: 2nd parking plan fire alarm system (printed status 'AS BUILT'),identity,present,FA-03,,,,SHEET NO.,own sheet number in the title block,resolved,,"[0.901, 0.959, 0.92, 0.97]",C:/t/r2x/r32-stage/crops/F042-p1-0.88_0.47_1_0.98.png,the title block has no separate drawing-number cell; SHEET NO. is the sheet's own number,,,,,,
F042,22349,1,C:/t/r2x/r32-stage/renders/F042-p1.png,Infinity Engineering Consultants / Al Arabia drawing sheet: 2nd parking plan fire alarm system (printed status 'AS BUILT'),revision,absent,,,,,,,,,,,the title block has no revision cell or revision table,,,,,,
F042,22349,1,C:/t/r2x/r32-stage/renders/F042-p1.png,Infinity Engineering Consultants / Al Arabia drawing sheet: 2nd parking plan fire alarm system (printed status 'AS BUILT'),decision,absent,,,,no_decision_area,,,,,,,"no consultant or authority review stamp on this sheet; 'AS BUILT' is the issuer's drawing status, not a review decision",,,,,,
F043,15744,1,C:/t/r2x/r32-stage/renders/F043-p1.png,"Military Works Command (projects management branch) restricted cover letter transmitting the approved material lists, 13/3/2014",identity,present,ش إ م / عام/٢٠١٤ / ١٣٢٤,,,,الرقم (No.),own letter reference number,resolved,,"[0.62, 0.235, 0.92, 0.25]",C:/t/r2x/r32-stage/crops/F043-p1-0.45_0.15_0.95_0.3.png,"Arabic letters with Arabic-Indic digits, kept exactly as printed (reads 'Sh A M / general / 2014 / 1324')",,,,,,
F043,15744,1,C:/t/r2x/r32-stage/renders/F043-p1.png,"Military Works Command (projects management branch) restricted cover letter transmitting the approved material lists, 13/3/2014",revision,absent,,,,,,,,,,,,,,,,,
F043,15744,1,C:/t/r2x/r32-stage/renders/F043-p1.png,"Military Works Command (projects management branch) restricted cover letter transmitting the approved material lists, 13/3/2014",decision,absent,,,,no_decision_area,,,,,,,a transmittal letter: 'attached are the material lists approved by our committees ... for inclusion in your specifications'; it approves no submitted document,,,,,,
F043,15744,2,C:/t/r2x/r32-stage/renders/F043-p2.png,"Command of Military Works approved materials / vendors annex page (scanned, drawn rotated): footer 'ANNEXURE BROV.011OF12'",identity,ambiguous,,"[{""literal"": ""ANNEXURE BROV.011OF12"", ""printed_label"": ""(footer)"", ""role"": ""annex page identifier (page n of 12)""}, {""literal"": ""RE B"", ""printed_label"": ""(header 'CMWGENERAL SPECIFICATIONSANNEXU RE B')"", ""role"": ""annexure letter of the general specifications""}]",,,,,resolved,,"[0.0, 0.0, 0.2, 1.0]",C:/t/r2x/r32-stage/crops/F043-p2-0_0_0.2_1-r270.png; C:/t/r2x/r32-stage/renders/F043-p2.png,no own document number is labelled as such; the footer page identifier and the header annex letter are both candidates,,,,,,
F043,15744,2,C:/t/r2x/r32-stage/renders/F043-p2.png,"Command of Military Works approved materials / vendors annex page (scanned, drawn rotated): footer 'ANNEXURE BROV.011OF12'",revision,present,Rev. 0,,,,(header 'RE B - Rev. 0 -DATE:5-3-2014'),revision of the specification annex printed in the header,uncertain,,"[0.13, 0.82, 0.18, 0.98]",C:/t/r2x/r32-stage/crops/F043-p2-0_0_0.2_1-r270.png,the revision belongs to the annex the header names; the page's own identity is ambiguous,,,,,,
F043,15744,2,C:/t/r2x/r32-stage/renders/F043-p2.png,"Command of Military Works approved materials / vendors annex page (scanned, drawn rotated): footer 'ANNEXURE BROV.011OF12'",decision,absent,,,,no_decision_area,,,,,,,"'APPROVED MATERIALS / VENDORS' is the title of the list content, not a review decision on this document",,,,,,
F043,15744,3,C:/t/r2x/r32-stage/renders/F043-p3.png,"Command of Military Works approved materials / vendors annex page (scanned, drawn rotated): footer 'ANNEXURE BROV.012OF12'",identity,ambiguous,,"[{""literal"": ""ANNEXURE BROV.012OF12"", ""printed_label"": ""(footer)"", ""role"": ""annex page identifier (page n of 12)""}, {""literal"": ""RE B"", ""printed_label"": ""(header 'CMWGENERAL SPECIFICATIONSANNEXU RE B')"", ""role"": ""annexure letter of the general specifications""}]",,,,,resolved,,"[0.0, 0.0, 0.2, 1.0]",C:/t/r2x/r32-stage/crops/F043-p3-0_0_0.2_1-r270.png; C:/t/r2x/r32-stage/renders/F043-p3.png,no own document number is labelled as such; the footer page identifier and the header annex letter are both candidates,,,,,,
F043,15744,3,C:/t/r2x/r32-stage/renders/F043-p3.png,"Command of Military Works approved materials / vendors annex page (scanned, drawn rotated): footer 'ANNEXURE BROV.012OF12'",revision,present,Rev. 0,,,,(header 'RE B - Rev. 0 -DATE:5-3-2014'),revision of the specification annex printed in the header,uncertain,,"[0.13, 0.82, 0.18, 0.98]",C:/t/r2x/r32-stage/crops/F043-p3-0_0_0.2_1-r270.png,the revision belongs to the annex the header names; the page's own identity is ambiguous,,,,,,
F043,15744,3,C:/t/r2x/r32-stage/renders/F043-p3.png,"Command of Military Works approved materials / vendors annex page (scanned, drawn rotated): footer 'ANNEXURE BROV.012OF12'",decision,absent,,,,no_decision_area,,,,,,,"'APPROVED MATERIALS / VENDORS' is the title of the list content, not a review decision on this document",,,,,,
F043,15744,4,C:/t/r2x/r32-stage/renders/F043-p4.png,"Command of Military Works approved materials / vendors annex page (scanned, drawn rotated): footer 'ANNEXURE BROV.013OF12'",identity,ambiguous,,"[{""literal"": ""ANNEXURE BROV.013OF12"", ""printed_label"": ""(footer)"", ""role"": ""annex page identifier (page n of 12)""}, {""literal"": ""RE B"", ""printed_label"": ""(header 'CMWGENERAL SPECIFICATIONSANNEXU RE B')"", ""role"": ""annexure letter of the general specifications""}]",,,,,resolved,,"[0.0, 0.0, 0.2, 1.0]",C:/t/r2x/r32-stage/crops/F043-p4-0_0_0.2_1-r270.png; C:/t/r2x/r32-stage/renders/F043-p4.png,no own document number is labelled as such; the footer page identifier and the header annex letter are both candidates,,,,,,
F043,15744,4,C:/t/r2x/r32-stage/renders/F043-p4.png,"Command of Military Works approved materials / vendors annex page (scanned, drawn rotated): footer 'ANNEXURE BROV.013OF12'",revision,present,Rev. 0,,,,(header 'RE B - Rev. 0 -DATE:5-3-2014'),revision of the specification annex printed in the header,uncertain,,"[0.13, 0.82, 0.18, 0.98]",C:/t/r2x/r32-stage/crops/F043-p4-0_0_0.2_1-r270.png,the revision belongs to the annex the header names; the page's own identity is ambiguous,,,,,,
F043,15744,4,C:/t/r2x/r32-stage/renders/F043-p4.png,"Command of Military Works approved materials / vendors annex page (scanned, drawn rotated): footer 'ANNEXURE BROV.013OF12'",decision,absent,,,,no_decision_area,,,,,,,"'APPROVED MATERIALS / VENDORS' is the title of the list content, not a review decision on this document",,,,,,
F044,22349,1,C:/t/r2x/r32-stage/renders/F044-p1.png,Infinity Engineering Consultants / Al Arabia drawing sheet: 2nd floor plan emergency light system (printed status 'AS BUILT'),identity,present,EM-07,,,,SHEET NO.,own sheet number in the title block,resolved,,"[0.9, 0.954, 0.92, 0.965]",C:/t/r2x/r32-stage/crops/F044-p1-0.88_0.47_1_0.98.png,the title block has no separate drawing-number cell; SHEET NO. is the sheet's own number,,,,,,
F044,22349,1,C:/t/r2x/r32-stage/renders/F044-p1.png,Infinity Engineering Consultants / Al Arabia drawing sheet: 2nd floor plan emergency light system (printed status 'AS BUILT'),revision,absent,,,,,,,,,,,the title block has no revision cell or revision table,,,,,,
F044,22349,1,C:/t/r2x/r32-stage/renders/F044-p1.png,Infinity Engineering Consultants / Al Arabia drawing sheet: 2nd floor plan emergency light system (printed status 'AS BUILT'),decision,absent,,,,no_decision_area,,,,,,,"no consultant or authority review stamp on this sheet; 'AS BUILT' is the issuer's drawing status, not a review decision",,,,,,
F045,22349,1,C:/t/r2x/r32-stage/renders/F045-p1.png,supplier sample schematic (no title block),identity,absent,,,,,,,,,,,no document or drawing number; the AX-T... labels are product model codes,,,,,,
F045,22349,1,C:/t/r2x/r32-stage/renders/F045-p1.png,supplier sample schematic (no title block),revision,absent,,,,,,,,,,,,,,,,,
F045,22349,1,C:/t/r2x/r32-stage/renders/F045-p1.png,supplier sample schematic (no title block),decision,absent,,,,no_decision_area,,,,,,,,,,,,,
F046,26687,1,C:/t/r2x/r32-stage/renders/F046-p1.png,"ENCO shop drawing (A2, drawn rotated on the page): fire alarm schematic diagram (as submitted, no mark-up)",identity,present,FA- 6001,,,,DWG-NO:,own drawing number in the title block,resolved,,"[0.93, 0.945, 0.972, 0.953]",C:/t/r2x/r32-stage/crops/F046-p1-0.88_0.84_1_0.96.png,printed as 'DWG-NO:FA- 6001'; kept as printed,,,,,,
F046,26687,1,C:/t/r2x/r32-stage/renders/F046-p1.png,"ENCO shop drawing (A2, drawn rotated on the page): fire alarm schematic diagram (as submitted, no mark-up)",revision,present,0,,,,REV -,current revision cell in the title block,resolved,,"[0.974, 0.945, 0.991, 0.953]",C:/t/r2x/r32-stage/crops/F046-p1-0.88_0.84_1_0.96.png,,,,,,,
F046,26687,1,C:/t/r2x/r32-stage/renders/F046-p1.png,"ENCO shop drawing (A2, drawn rotated on the page): fire alarm schematic diagram (as submitted, no mark-up)",decision,absent,,,,no_decision_area,,,,,,,no consultant review stamp or status block on this copy,,,,,,
F047,22349,1,C:/t/r2x/r32-stage/renders/F047-p1.png,Infinity Engineering Consultants / Al Arabia drawing sheet: first parking plan emergency light system,identity,present,EM-02,,,,SHEET NO.,own sheet number in the title block,resolved,,"[0.895, 0.947, 0.914, 0.957]",C:/t/r2x/r32-stage/crops/F047-p1-0.87_0.84_1_0.98.png,the title block has no separate drawing-number cell; SHEET NO. is the sheet's own number,,,,,,
F047,22349,1,C:/t/r2x/r32-stage/renders/F047-p1.png,Infinity Engineering Consultants / Al Arabia drawing sheet: first parking plan emergency light system,revision,absent,,,,,,,,,,,the title block has no revision cell or revision table,,,,,,
F047,22349,1,C:/t/r2x/r32-stage/renders/F047-p1.png,Infinity Engineering Consultants / Al Arabia drawing sheet: first parking plan emergency light system,decision,absent,,,,no_decision_area,,,,,,,no consultant or authority review stamp on this sheet,,,,,,
F048,22349,1,C:/t/r2x/r32-stage/renders/F048-p1.png,Infinity Engineering Consultants / Al Arabia drawing sheet: typical floor plan (1st to 12th) fire alarm system,identity,present,FA-05,,,,SHEET NO.,own sheet number in the title block,resolved,,"[0.91, 0.964, 0.929, 0.975]",C:/t/r2x/r32-stage/crops/F048-p1-0.87_0.84_1_0.98.png,the title block has no separate drawing-number cell; SHEET NO. is the sheet's own number,,,,,,
F048,22349,1,C:/t/r2x/r32-stage/renders/F048-p1.png,Infinity Engineering Consultants / Al Arabia drawing sheet: typical floor plan (1st to 12th) fire alarm system,revision,absent,,,,,,,,,,,the title block has no revision cell or revision table,,,,,,
F048,22349,1,C:/t/r2x/r32-stage/renders/F048-p1.png,Infinity Engineering Consultants / Al Arabia drawing sheet: typical floor plan (1st to 12th) fire alarm system,decision,absent,,,,no_decision_area,,,,,,,no consultant or authority review stamp on this sheet,,,,,,
F049,22349,1,C:/t/r2x/r32-stage/renders/F049-p1.png,Infinity Engineering Consultants / Al Arabia drawing sheet: typical floor plan (1st to 12th) emergency light system,identity,present,EM-05,,,,SHEET NO.,own sheet number in the title block,resolved,,"[0.911, 0.965, 0.931, 0.976]",C:/t/r2x/r32-stage/crops/F049-p1-0.87_0.84_1_0.98.png,the title block has no separate drawing-number cell; SHEET NO. is the sheet's own number,,,,,,
F049,22349,1,C:/t/r2x/r32-stage/renders/F049-p1.png,Infinity Engineering Consultants / Al Arabia drawing sheet: typical floor plan (1st to 12th) emergency light system,revision,absent,,,,,,,,,,,the title block has no revision cell or revision table,,,,,,
F049,22349,1,C:/t/r2x/r32-stage/renders/F049-p1.png,Infinity Engineering Consultants / Al Arabia drawing sheet: typical floor plan (1st to 12th) emergency light system,decision,absent,,,,no_decision_area,,,,,,,no consultant or authority review stamp on this sheet,,,,,,
F050,26687,1,C:/t/r2x/r32-stage/renders/F050-p1.png,"ENCO shop drawing (A2, drawn rotated on the page): basement floor emergency layout (R0 as submitted)",identity,present,EM-100,,,,DWG-NO:,own drawing number in the title block,resolved,,"[0.93, 0.945, 0.972, 0.953]",C:/t/r2x/r32-stage/crops/F050-p1-0.88_0.84_1_0.96.png,printed as 'DWG-NO:EM-100'; kept as printed,,,,,,
F050,26687,1,C:/t/r2x/r32-stage/renders/F050-p1.png,"ENCO shop drawing (A2, drawn rotated on the page): basement floor emergency layout (R0 as submitted)",revision,present,0,,,,REV -,current revision cell in the title block,resolved,,"[0.974, 0.945, 0.991, 0.953]",C:/t/r2x/r32-stage/crops/F050-p1-0.88_0.84_1_0.96.png,,,,,,,
F050,26687,1,C:/t/r2x/r32-stage/renders/F050-p1.png,"ENCO shop drawing (A2, drawn rotated on the page): basement floor emergency layout (R0 as submitted)",decision,absent,,,,no_decision_area,,,,,,,no consultant review stamp or status block on this copy,,,,,,
F051,22349,1,C:/t/r2x/r32-stage/renders/F051-p1.png,Infinity Engineering Consultants / Al Arabia drawing sheet: 10th floor plan emergency light system (printed status 'AS BUILT'),identity,present,EM-15,,,,SHEET NO.,own sheet number in the title block,resolved,,"[0.901, 0.952, 0.921, 0.963]",C:/t/r2x/r32-stage/crops/F051-p1-0.87_0.84_1_0.98.png,the title block has no separate drawing-number cell; SHEET NO. is the sheet's own number,,,,,,
F051,22349,1,C:/t/r2x/r32-stage/renders/F051-p1.png,Infinity Engineering Consultants / Al Arabia drawing sheet: 10th floor plan emergency light system (printed status 'AS BUILT'),revision,absent,,,,,,,,,,,the title block has no revision cell or revision table,,,,,,
F051,22349,1,C:/t/r2x/r32-stage/renders/F051-p1.png,Infinity Engineering Consultants / Al Arabia drawing sheet: 10th floor plan emergency light system (printed status 'AS BUILT'),decision,absent,,,,no_decision_area,,,,,,,"no consultant or authority review stamp on this sheet; 'AS BUILT' is the issuer's drawing status, not a review decision",,,,,,
F053,22349,1,C:/t/r2x/r32-stage/renders/F053-p1.png,Infinity Engineering Consultants / Al Arabia drawing sheet: 12th floor plan fire alarm system (printed status 'AS BUILT'),identity,present,FA-17,,,,SHEET NO.,own sheet number in the title block,resolved,,"[0.903, 0.959, 0.921, 0.97]",C:/t/r2x/r32-stage/crops/F053-p1-0.87_0.84_1_0.98.png,the title block has no separate drawing-number cell; SHEET NO. is the sheet's own number,,,,,,
F053,22349,1,C:/t/r2x/r32-stage/renders/F053-p1.png,Infinity Engineering Consultants / Al Arabia drawing sheet: 12th floor plan fire alarm system (printed status 'AS BUILT'),revision,absent,,,,,,,,,,,the title block has no revision cell or revision table,,,,,,
F053,22349,1,C:/t/r2x/r32-stage/renders/F053-p1.png,Infinity Engineering Consultants / Al Arabia drawing sheet: 12th floor plan fire alarm system (printed status 'AS BUILT'),decision,absent,,,,no_decision_area,,,,,,,"no consultant or authority review stamp on this sheet; 'AS BUILT' is the issuer's drawing status, not a review decision",,,,,,
F054,22349,1,C:/t/r2x/r32-stage/renders/F054-p1.png,Infinity Engineering Consultants / Al Arabia drawing sheet: fourth parking plan fire alarm system (printed status 'AS BUILT'),identity,present,FA-05,,,,SHEET NO.,own sheet number in the title block,resolved,,"[0.903, 0.96, 0.921, 0.971]",C:/t/r2x/r32-stage/crops/F054-p1-0.87_0.84_1_0.98.png,the title block has no separate drawing-number cell; SHEET NO. is the sheet's own number,,,,,,
F054,22349,1,C:/t/r2x/r32-stage/renders/F054-p1.png,Infinity Engineering Consultants / Al Arabia drawing sheet: fourth parking plan fire alarm system (printed status 'AS BUILT'),revision,absent,,,,,,,,,,,the title block has no revision cell or revision table,,,,,,
F054,22349,1,C:/t/r2x/r32-stage/renders/F054-p1.png,Infinity Engineering Consultants / Al Arabia drawing sheet: fourth parking plan fire alarm system (printed status 'AS BUILT'),decision,absent,,,,no_decision_area,,,,,,,"no consultant or authority review stamp on this sheet; 'AS BUILT' is the issuer's drawing status, not a review decision",,,,,,
F055,15744,1,C:/t/r2x/r32-stage/renders/F055-p1.png,legend / specification extract without a title block,identity,absent,,,,,,,,,,,,,,,,,
F055,15744,1,C:/t/r2x/r32-stage/renders/F055-p1.png,legend / specification extract without a title block,revision,absent,,,,,,,,,,,,,,,,,
F055,15744,1,C:/t/r2x/r32-stage/renders/F055-p1.png,legend / specification extract without a title block,decision,absent,,,,no_decision_area,,,,,,,,,,,,,
F056,26687,1,C:/t/r2x/r32-stage/renders/F056-p1.png,"ENCO shop drawing (A2, drawn rotated on the page): roof floor emergency layout (revision 1, revised as per comments)",identity,present,EF-103,,,,DWG-NO:,own drawing number in the title block,resolved,,"[0.922, 0.938, 0.959, 0.945]",C:/t/r2x/r32-stage/crops/F056-p1-0.88_0.9_1_0.96.png,"printed as 'DWG-NO:EF-103' (EF, not EM); kept as printed",,,,,,
F056,26687,1,C:/t/r2x/r32-stage/renders/F056-p1.png,"ENCO shop drawing (A2, drawn rotated on the page): roof floor emergency layout (revision 1, revised as per comments)",revision,present,1,,,,REV -,current revision cell in the title block,resolved,,"[0.966, 0.938, 0.982, 0.945]",C:/t/r2x/r32-stage/crops/F056-p1-0.88_0.9_1_0.96.png,revision table rows 0 SUBMITTED FOR APPROVAL 07-09-2023 and 1 REVISED AS PER COMMENTS 21-09-2023 agree,,,,,,
F056,26687,1,C:/t/r2x/r32-stage/renders/F056-p1.png,"ENCO shop drawing (A2, drawn rotated on the page): roof floor emergency layout (revision 1, revised as per comments)",decision,absent,,,,no_decision_area,,,,,,,no consultant review stamp or status block on this copy,,,,,,
F057,26687,1,C:/t/r2x/r32-stage/renders/F057-p1.png,"ENCO shop drawing (A2, drawn rotated on the page): ground floor fire alarm layout (R0 as submitted)",identity,present,FA-1002,,,,DWG-NO:,own drawing number in the title block,resolved,,"[0.93, 0.945, 0.972, 0.953]",C:/t/r2x/r32-stage/crops/F057-p1-0.88_0.9_1_0.96.png,printed as 'DWG-NO:FA-1002'; kept as printed,,,,,,
F057,26687,1,C:/t/r2x/r32-stage/renders/F057-p1.png,"ENCO shop drawing (A2, drawn rotated on the page): ground floor fire alarm layout (R0 as submitted)",revision,present,0,,,,REV -,current revision cell in the title block,resolved,,"[0.974, 0.945, 0.991, 0.953]",C:/t/r2x/r32-stage/crops/F057-p1-0.88_0.9_1_0.96.png,,,,,,,
F057,26687,1,C:/t/r2x/r32-stage/renders/F057-p1.png,"ENCO shop drawing (A2, drawn rotated on the page): ground floor fire alarm layout (R0 as submitted)",decision,absent,,,,no_decision_area,,,,,,,no consultant review stamp or status block on this copy,,,,,,
F058,26687,1,C:/t/r2x/r32-stage/renders/F058-p1.png,"ENCO shop drawing (A2, drawn rotated on the page): first floor emergency layout (R0 as submitted)",identity,present,EM-102,,,,DWG-NO:,own drawing number in the title block,resolved,,"[0.93, 0.945, 0.972, 0.953]",C:/t/r2x/r32-stage/crops/F058-p1-0.88_0.9_1_0.96.png,printed as 'DWG-NO:EM-102'; kept as printed,,,,,,
F058,26687,1,C:/t/r2x/r32-stage/renders/F058-p1.png,"ENCO shop drawing (A2, drawn rotated on the page): first floor emergency layout (R0 as submitted)",revision,present,0,,,,REV -,current revision cell in the title block,resolved,,"[0.974, 0.945, 0.991, 0.953]",C:/t/r2x/r32-stage/crops/F058-p1-0.88_0.9_1_0.96.png,,,,,,,
F058,26687,1,C:/t/r2x/r32-stage/renders/F058-p1.png,"ENCO shop drawing (A2, drawn rotated on the page): first floor emergency layout (R0 as submitted)",decision,absent,,,,no_decision_area,,,,,,,no consultant review stamp or status block on this copy,,,,,,
F059,26687,1,C:/t/r2x/r32-stage/renders/F059-p1.png,"ENCO shop drawing (A2, drawn rotated on the page): fire alarm schematic diagram (as submitted, no mark-up)",identity,present,FA- 6001,,,,DWG-NO:,own drawing number in the title block,resolved,,"[0.93, 0.945, 0.972, 0.953]",C:/t/r2x/r32-stage/crops/F059-p1-0.88_0.9_1_0.96.png,printed as 'DWG-NO:FA- 6001'; kept as printed,,,,,,
F059,26687,1,C:/t/r2x/r32-stage/renders/F059-p1.png,"ENCO shop drawing (A2, drawn rotated on the page): fire alarm schematic diagram (as submitted, no mark-up)",revision,present,0,,,,REV -,current revision cell in the title block,resolved,,"[0.974, 0.945, 0.991, 0.953]",C:/t/r2x/r32-stage/crops/F059-p1-0.88_0.9_1_0.96.png,,,,,,,
F059,26687,1,C:/t/r2x/r32-stage/renders/F059-p1.png,"ENCO shop drawing (A2, drawn rotated on the page): fire alarm schematic diagram (as submitted, no mark-up)",decision,absent,,,,no_decision_area,,,,,,,no consultant review stamp or status block on this copy,,,,,,
F060,26687,1,C:/t/r2x/r32-stage/renders/F060-p1.png,"ENCO shop drawing (A2, drawn rotated on the page): basement floor emergency layout (revision 1, revised as per comments)",identity,present,EM-100,,,,DWG-NO:,own drawing number in the title block,resolved,,"[0.922, 0.938, 0.96, 0.945]",C:/t/r2x/r32-stage/crops/F060-p1-0.88_0.9_1_0.96.png,printed as 'DWG-NO:EM-100'; kept as printed,,,,,,
F060,26687,1,C:/t/r2x/r32-stage/renders/F060-p1.png,"ENCO shop drawing (A2, drawn rotated on the page): basement floor emergency layout (revision 1, revised as per comments)",revision,present,1,,,,REV -,current revision cell in the title block,resolved,,"[0.966, 0.938, 0.982, 0.945]",C:/t/r2x/r32-stage/crops/F060-p1-0.88_0.9_1_0.96.png,revision table rows 0 SUBMITTED FOR APPROVAL 07-09-2023 and 1 REVISED AS PER COMMENTS 21-09-2023 agree,,,,,,
F060,26687,1,C:/t/r2x/r32-stage/renders/F060-p1.png,"ENCO shop drawing (A2, drawn rotated on the page): basement floor emergency layout (revision 1, revised as per comments)",decision,absent,,,,no_decision_area,,,,,,,no consultant review stamp or status block on this copy,,,,,,
F061,15744,1,C:/t/r2x/r32-stage/renders/F061-p1.png,Dubai Civil Defence agent licence certificate page (licence count '28 - 1'),identity,present,K18,,,,رقم الترخيص (licence no.),own licence certificate number,resolved,,"[0.76, 0.2, 0.83, 0.23]",C:/t/r2x/r32-stage/renders/F061-p1.png,,,,,,,
F061,15744,1,C:/t/r2x/r32-stage/renders/F061-p1.png,Dubai Civil Defence agent licence certificate page (licence count '28 - 1'),revision,absent,,,,,,,,,,,licence year 2018 and the count of licences only; no revision,,,,,,
F061,15744,1,C:/t/r2x/r32-stage/renders/F061-p1.png,Dubai Civil Defence agent licence certificate page (licence count '28 - 1'),decision,absent,,,,no_decision_area,,,,,,,an authority-issued licence certificate ('يعتمد / عن مدير الإدارة العامة للدفاع المدني/دبي' with the authority stamp) certifies the agent; it is not a review decision on a submitted document (as the r26 conventions treat certificates),,,,,,
F061,15744,2,C:/t/r2x/r32-stage/renders/F061-p2.png,Dubai Civil Defence agent licence certificate page (licence count '(28 – 3)'),identity,present,K18,,,,رقم الترخيص (licence no.),own licence certificate number,resolved,,"[0.76, 0.18, 0.84, 0.22]",C:/t/r2x/r32-stage/renders/F061-p2.png,,,,,,,
F061,15744,2,C:/t/r2x/r32-stage/renders/F061-p2.png,Dubai Civil Defence agent licence certificate page (licence count '(28 – 3)'),revision,absent,,,,,,,,,,,licence year 2018 and the count of licences only; no revision,,,,,,
F061,15744,2,C:/t/r2x/r32-stage/renders/F061-p2.png,Dubai Civil Defence agent licence certificate page (licence count '(28 – 3)'),decision,absent,,,,no_decision_area,,,,,,,an authority-issued licence certificate ('يعتمد / عن مدير الإدارة العامة للدفاع المدني/دبي' with the authority stamp) certifies the agent; it is not a review decision on a submitted document (as the r26 conventions treat certificates),,,,,,
F061,15744,3,C:/t/r2x/r32-stage/renders/F061-p3.png,Dubai Civil Defence agent licence certificate page (licence count '(28 – 4)'),identity,present,K18,,,,رقم الترخيص (licence no.),own licence certificate number,resolved,,"[0.76, 0.18, 0.84, 0.22]",C:/t/r2x/r32-stage/renders/F061-p3.png,,,,,,,
F061,15744,3,C:/t/r2x/r32-stage/renders/F061-p3.png,Dubai Civil Defence agent licence certificate page (licence count '(28 – 4)'),revision,absent,,,,,,,,,,,licence year 2018 and the count of licences only; no revision,,,,,,
F061,15744,3,C:/t/r2x/r32-stage/renders/F061-p3.png,Dubai Civil Defence agent licence certificate page (licence count '(28 – 4)'),decision,absent,,,,no_decision_area,,,,,,,an authority-issued licence certificate ('يعتمد / عن مدير الإدارة العامة للدفاع المدني/دبي' with the authority stamp) certifies the agent; it is not a review decision on a submitted document (as the r26 conventions treat certificates),,,,,,
F061,15744,4,C:/t/r2x/r32-stage/renders/F061-p4.png,Dubai Civil Defence agent licence certificate page (licence count '(28 – 9)'),identity,present,K18,,,,رقم الترخيص (licence no.),own licence certificate number,resolved,,"[0.76, 0.18, 0.84, 0.22]",C:/t/r2x/r32-stage/renders/F061-p4.png,,,,,,,
F061,15744,4,C:/t/r2x/r32-stage/renders/F061-p4.png,Dubai Civil Defence agent licence certificate page (licence count '(28 – 9)'),revision,absent,,,,,,,,,,,licence year 2018 and the count of licences only; no revision,,,,,,
F061,15744,4,C:/t/r2x/r32-stage/renders/F061-p4.png,Dubai Civil Defence agent licence certificate page (licence count '(28 – 9)'),decision,absent,,,,no_decision_area,,,,,,,an authority-issued licence certificate ('يعتمد / عن مدير الإدارة العامة للدفاع المدني/دبي' with the authority stamp) certifies the agent; it is not a review decision on a submitted document (as the r26 conventions treat certificates),,,,,,
F062,15744,1,C:/t/r2x/r32-stage/renders/F062-p1.png,contractor transmittal of a material submittal,identity,present,TR/3544/18,,,,AASS Ref.,own transmittal reference,resolved,,"[0.79, 0.188, 0.9, 0.2]",C:/t/r2x/r32-stage/renders/F062-p1.png,,,,,,,
F062,15744,1,C:/t/r2x/r32-stage/renders/F062-p1.png,contractor transmittal of a material submittal,revision,absent,,,,,,,,,,,"the subject line ends 'R0' for the transmitted submittal, not for this transmittal",,,,,,
F062,15744,1,C:/t/r2x/r32-stage/renders/F062-p1.png,contractor transmittal of a material submittal,decision,absent,,,,no_decision_area,,,,,,,receipt signature and date (13-08-18) only; a receipt is not a decision,,,,,,
F063,15744,1,C:/t/r2x/r32-stage/renders/F063-p1.png,contractor transmittal of an O&M manual,identity,present,TR/6143/19,,,,AASS Ref.,own transmittal reference,resolved,,"[0.82, 0.21, 0.92, 0.225]",C:/t/r2x/r32-stage/renders/F063-p1.png,,,,,,,
F063,15744,1,C:/t/r2x/r32-stage/renders/F063-p1.png,contractor transmittal of an O&M manual,revision,absent,,,,,,,,,,,,,,,,,
F063,15744,1,C:/t/r2x/r32-stage/renders/F063-p1.png,contractor transmittal of an O&M manual,decision,absent,,,,no_decision_area,,,,,,,receipt signature and date (04-11-2019) only,,,,,,
F064,15744,1,C:/t/r2x/r32-stage/renders/F064-p1.png,manufacturer manual page 5-54,identity,absent,,,,,,,,,,,,,,,,,
F064,15744,1,C:/t/r2x/r32-stage/renders/F064-p1.png,manufacturer manual page 5-54,revision,absent,,,,,,,,,,,,,,,,,
F064,15744,1,C:/t/r2x/r32-stage/renders/F064-p1.png,manufacturer manual page 5-54,decision,absent,,,,no_decision_area,,,,,,,,,,,,,
F064,15744,2,C:/t/r2x/r32-stage/renders/F064-p2.png,manufacturer manual page 5-55,identity,absent,,,,,,,,,,,,,,,,,
F064,15744,2,C:/t/r2x/r32-stage/renders/F064-p2.png,manufacturer manual page 5-55,revision,absent,,,,,,,,,,,,,,,,,
F064,15744,2,C:/t/r2x/r32-stage/renders/F064-p2.png,manufacturer manual page 5-55,decision,absent,,,,no_decision_area,,,,,,,,,,,,,
F064,15744,3,C:/t/r2x/r32-stage/renders/F064-p3.png,manufacturer manual page 5-56,identity,absent,,,,,,,,,,,,,,,,,
F064,15744,3,C:/t/r2x/r32-stage/renders/F064-p3.png,manufacturer manual page 5-56,revision,absent,,,,,,,,,,,,,,,,,
F064,15744,3,C:/t/r2x/r32-stage/renders/F064-p3.png,manufacturer manual page 5-56,decision,absent,,,,no_decision_area,,,,,,,,,,,,,
F064,15744,4,C:/t/r2x/r32-stage/renders/F064-p4.png,manufacturer manual page 5-57,identity,absent,,,,,,,,,,,,,,,,,
F064,15744,4,C:/t/r2x/r32-stage/renders/F064-p4.png,manufacturer manual page 5-57,revision,absent,,,,,,,,,,,,,,,,,
F064,15744,4,C:/t/r2x/r32-stage/renders/F064-p4.png,manufacturer manual page 5-57,decision,absent,,,,no_decision_area,,,,,,,,,,,,,
F065,15744,1,C:/t/r2x/r32-stage/renders/F065-p1.png,schedule of equipment table,identity,absent,,,,,,,,,,,,,,,,,
F065,15744,1,C:/t/r2x/r32-stage/renders/F065-p1.png,schedule of equipment table,revision,absent,,,,,,,,,,,,,,,,,
F065,15744,1,C:/t/r2x/r32-stage/renders/F065-p1.png,schedule of equipment table,decision,absent,,,,no_decision_area,,,,,,,,,,,,,
F066,26687,1,C:/t/r2x/r32-stage/renders/F066-p1.png,submittal contents index,identity,absent,,,,,,,,,,,,,,,,,
F066,26687,1,C:/t/r2x/r32-stage/renders/F066-p1.png,submittal contents index,revision,absent,,,,,,,,,,,,,,,,,
F066,26687,1,C:/t/r2x/r32-stage/renders/F066-p1.png,submittal contents index,decision,absent,,,,no_decision_area,,,,,,,,,,,,,
F067,15744,1,C:/t/r2x/r32-stage/renders/F067-p1.png,client / design-stage tender drawing (scanned),identity,present,CMW-17045-C001-01-E-0001,,,,DRAWING NO.,own drawing number in the title block,resolved,,"[0.83, 0.86, 0.94, 0.875]",C:/t/r2x/r32-stage/crops/F067-p1-0.82_0.74_0.99_0.95.png,,,,,,,
F067,15744,1,C:/t/r2x/r32-stage/renders/F067-p1.png,client / design-stage tender drawing (scanned),revision,present,00,,,,REVISION No.,current revision cell in the title block,resolved,,"[0.94, 0.86, 0.98, 0.875]",C:/t/r2x/r32-stage/crops/F067-p1-0.82_0.74_0.99_0.95.png,revision row 00 CONSTRUCTION DOCUMENT 05/17 agrees,,,,,,
F067,15744,1,C:/t/r2x/r32-stage/renders/F067-p1.png,client / design-stage tender drawing (scanned),decision,ambiguous,(round stamp dated 10 MAY 2017 with a signature in the AUTHORITIES APPROVAL box),,,,,,resolved,"authority box (stamp text in Arabic, mostly illegible)","[0.83, 0.88, 0.98, 0.95]",C:/t/r2x/r32-stage/crops/F067-p1-0.82_0.74_0.99_0.95.png,"the box is labelled AUTHORITIES APPROVAL and carries a dated stamp and a signature, but no decision wording is legible; whether it is an approval or a receipt stamp is not established; the 'APPROVED BY ENG. N.S' cell is the designer's internal approval",,,,,,
F068,15744,1,C:/t/r2x/r32-stage/renders/F068-p1.png,contractor internal request form,identity,absent,,,,,,,,,,,the form prints the project's Oracle job number EP-15744 and template codes only; no own document number,,,,,,
F068,15744,1,C:/t/r2x/r32-stage/renders/F068-p1.png,contractor internal request form,revision,absent,,,,,,,,,,,,,,,,,
F068,15744,1,C:/t/r2x/r32-stage/renders/F068-p1.png,contractor internal request form,decision,absent,,,,no_decision_area,,,,,,,internal request with a handwritten 'Received @ 28.4.19' and signatures; not a review decision,,,,,,
F069,15744,1,C:/t/r2x/r32-stage/renders/F069-p1.png,"Al Arabia Design Sheet (quotation) for the fire alarm system, page 1 of 2",identity,present,EP-15744,,,,Refrence,own quotation reference (equals the project EP number),resolved,,"[0.8, 0.175, 0.9, 0.19]",C:/t/r2x/r32-stage/renders/F069-p1.png,"label printed 'Refrence'; design sheet dated 5-Aug-18, subject 'Quotation for Fire Alarm System'",,,,,,
F069,15744,1,C:/t/r2x/r32-stage/renders/F069-p1.png,"Al Arabia Design Sheet (quotation) for the fire alarm system, page 1 of 2",revision,absent,,,,,,,,,,,,,,,,,
F069,15744,1,C:/t/r2x/r32-stage/renders/F069-p1.png,"Al Arabia Design Sheet (quotation) for the fire alarm system, page 1 of 2",decision,absent,,,,no_decision_area,,,,,,,supplier quotation; no review decision,,,,,,
F069,15744,2,C:/t/r2x/r32-stage/renders/F069-p2.png,continuation of the fire alarm quotation (page 2 of 2),identity,absent,,,,,,,,,,,,,,,,,
F069,15744,2,C:/t/r2x/r32-stage/renders/F069-p2.png,continuation of the fire alarm quotation (page 2 of 2),revision,absent,,,,,,,,,,,,,,,,,
F069,15744,2,C:/t/r2x/r32-stage/renders/F069-p2.png,continuation of the fire alarm quotation (page 2 of 2),decision,absent,,,,no_decision_area,,,,,,,,,,,,,
F069,15744,3,C:/t/r2x/r32-stage/renders/F069-p3.png,"Al Arabia Design Sheet (quotation) for the emergency lighting system, page 1 of 2",identity,present,EP-15744,,,,Refrence,own quotation reference (equals the project EP number),resolved,,"[0.78, 0.16, 0.88, 0.175]",C:/t/r2x/r32-stage/renders/F069-p3.png,"label printed 'Refrence'; design sheet dated 4-Aug-18, subject 'Quotation for Emergency Lighting System'",,,,,,
F069,15744,3,C:/t/r2x/r32-stage/renders/F069-p3.png,"Al Arabia Design Sheet (quotation) for the emergency lighting system, page 1 of 2",revision,absent,,,,,,,,,,,,,,,,,
F069,15744,3,C:/t/r2x/r32-stage/renders/F069-p3.png,"Al Arabia Design Sheet (quotation) for the emergency lighting system, page 1 of 2",decision,absent,,,,no_decision_area,,,,,,,supplier quotation; no review decision,,,,,,
F069,15744,4,C:/t/r2x/r32-stage/renders/F069-p4.png,continuation of the emergency lighting quotation (page 2 of 2): terms and conditions,identity,absent,,,,,,,,,,,,,,,,,
F069,15744,4,C:/t/r2x/r32-stage/renders/F069-p4.png,continuation of the emergency lighting quotation (page 2 of 2): terms and conditions,revision,absent,,,,,,,,,,,,,,,,,
F069,15744,4,C:/t/r2x/r32-stage/renders/F069-p4.png,continuation of the emergency lighting quotation (page 2 of 2): terms and conditions,decision,absent,,,,no_decision_area,,,,,,,,,,,,,
F071,15744,1,C:/t/r2x/r32-stage/renders/F071-p1.png,calculation: project information and assumptions,identity,absent,,,,,,,,,,,"the running header 'CME-17045 @ ALI MINHAD) - SPL/STI CALCULATION' names the project and the calculation, not a document number",,,,,,
F071,15744,1,C:/t/r2x/r32-stage/renders/F071-p1.png,calculation: project information and assumptions,revision,absent,,,,,,,,,,,,,,,,,
F071,15744,1,C:/t/r2x/r32-stage/renders/F071-p1.png,calculation: project information and assumptions,decision,absent,,,,no_decision_area,,,,,,,,,,,,,
F071,15744,2,C:/t/r2x/r32-stage/renders/F071-p2.png,calculation: total SPL 2000 Hz result (image),identity,absent,,,,,,,,,,,"the running header 'CME-17045 @ ALI MINHAD) - SPL/STI CALCULATION' names the project and the calculation, not a document number",,,,,,
F071,15744,2,C:/t/r2x/r32-stage/renders/F071-p2.png,calculation: total SPL 2000 Hz result (image),revision,absent,,,,,,,,,,,,,,,,,
F071,15744,2,C:/t/r2x/r32-stage/renders/F071-p2.png,calculation: total SPL 2000 Hz result (image),decision,absent,,,,no_decision_area,,,,,,,,,,,,,
F071,15744,3,C:/t/r2x/r32-stage/renders/F071-p3.png,calculation: STI distribution (image),identity,absent,,,,,,,,,,,"the running header 'CME-17045 @ ALI MINHAD) - SPL/STI CALCULATION' names the project and the calculation, not a document number",,,,,,
F071,15744,3,C:/t/r2x/r32-stage/renders/F071-p3.png,calculation: STI distribution (image),revision,absent,,,,,,,,,,,,,,,,,
F071,15744,3,C:/t/r2x/r32-stage/renders/F071-p3.png,calculation: STI distribution (image),decision,absent,,,,no_decision_area,,,,,,,,,,,,,
F071,15744,4,C:/t/r2x/r32-stage/renders/F071-p4.png,calculation: STI layout and conclusion,identity,absent,,,,,,,,,,,"the running header 'CME-17045 @ ALI MINHAD) - SPL/STI CALCULATION' names the project and the calculation, not a document number",,,,,,
F071,15744,4,C:/t/r2x/r32-stage/renders/F071-p4.png,calculation: STI layout and conclusion,revision,absent,,,,,,,,,,,,,,,,,
F071,15744,4,C:/t/r2x/r32-stage/renders/F071-p4.png,calculation: STI layout and conclusion,decision,absent,,,,no_decision_area,,,,,,,,,,,,,
F072,26687,1,C:/t/r2x/r32-stage/renders/F072-p1.png,material approval request form with engineer's comments,identity,present,MAR-MEP-ELE-05,,,,Ref. No.,own material approval request reference,resolved,,"[0.75, 0.163, 0.86, 0.178]",C:/t/r2x/r32-stage/crops/F072-p1-0.68_0.15_0.9_0.18.png,,,,,,,
F072,26687,1,C:/t/r2x/r32-stage/renders/F072-p1.png,material approval request form with engineer's comments,revision,absent,,,,,,,,,,,no revision cell or suffix,,,,,,
F072,26687,1,C:/t/r2x/r32-stage/renders/F072-p1.png,material approval request form with engineer's comments,decision,present,C - Revise & Resubmit,,revise and resubmit,,,,resolved,"consultant (AREX: Arun Menon, Sam Gopinathan; date 07-09-2023)","[0.46, 0.818, 0.6, 0.832]",C:/t/r2x/r32-stage/crops/F072-p1-0.12_0.8_0.9_0.84.png,blue tick in the C box; engineer's comments A (fire alarm) and B (emergency lighting) in blue and red,,,,,,
