item,cohort,scope,doc,page,page_image,component,proposed_reference,proposed_printed_revision,proposed_decision,proposed_decision_actor,proposed_label_confidence,label_origin,human_reference,human_printed_revision,human_decision,human_decision_actor,human_uncertainty,human_reviewer,human_date,human_notes
C0001,pilot,decision label,EP-30784/04- Drawings/08-Shop Drawing/1.FAVE/R1/rejected/BBY006-GME-SDW-FP-FA-ZZZ-L01-010006 Shop Drawing for L01 Amenities Floor Plan - Fire Alarm Layout.pdf,1,pages/d2dff96e0912d1e2-p1.jpg,cover,BBY006-GME-SDW-FP-FA-ZZZ-L01-010006,00,rejected,consultant (Silver Stone),high,AI-drafted Golden label (v1 / v2 page labels) -- not a human signature,,,,,,,,
C0002,pilot,decision label,EP-30784/04- Drawings/08-Shop Drawing/1.FAVE/R1/rejected/BBY006-GME-SDW-FP-FA-ZZZ-L01-010006 Shop Drawing for L01 Amenities Floor Plan - Fire Alarm Layout.pdf,2,pages/adb2f6520e9f7b3a-p2.jpg,sheet,BBY006-GME-SDW-FP-FA-ZZZ-L01-010006,00,rejected,consultant (Silver Stone),high,AI-drafted Golden label (v1 / v2 page labels) -- not a human signature,,,,,,,,
C0003,pilot,decision label,EP-30784/04- Drawings/08-Shop Drawing/2.EML/Emergency Lighting Layout/BBY006-GME-SDW-EL-LI-POD-P02-010030 Shop Drawing for Podium-2 Floor Plan Emergency Lighting Layout.pdf,1,pages/db2c274852193cfc-p1.jpg,cover,BBY006-GME-SDW-EL-LI-POD-P02-010030,00,rejected,consultant (Silver Stone),high,AI-drafted Golden label (v1 / v2 page labels) -- not a human signature,,,,,,,,
C0004,pilot,decision label,EP-30784/04- Drawings/08-Shop Drawing/2.EML/Emergency Lighting Layout/BBY006-GME-SDW-EL-LI-POD-P02-010030 Shop Drawing for Podium-2 Floor Plan Emergency Lighting Layout.pdf,2,pages/a947664b2d05a46c-p2.jpg,sheet,BBY006-GME-SDW-EL-LI-POD-P02-010030,00,rejected,consultant (Silver Stone),high,AI-drafted Golden label (v1 / v2 page labels) -- not a human signature,,,,,,,,
C0005,pilot,decision label,EP-30784/04- Drawings/08-Shop Drawing/2.EML/Emergency Lighting Layout/BBY006-GME-SDW-EL-LI-POD-P02-010030 Shop Drawing for Podium-2 Floor Plan Emergency Lighting Layout.pdf,3,pages/f55ead66df334070-p3.jpg,no-record page,absent,absent,n/a,,high,AI-drafted Golden label (v1 / v2 page labels) -- not a human signature,,,,,,,,
C0006,pilot,decision label,EP-30784/04- Drawings/08-Shop Drawing/2.EML/Emergency Lighting Layout/BBY006-GME-SDW-EL-LI-POD-P02-010030 Shop Drawing for Podium-2 Floor Plan Emergency Lighting Layout.pdf,4,pages/97dfcecd29748d0a-p4.jpg,no-record page,absent,absent,n/a,,high,AI-drafted Golden label (v1 / v2 page labels) -- not a human signature,,,,,,,,
C0007,pilot,decision label,EP-30784/04- Drawings/08-Shop Drawing/1.FAVE/recieved/BBY006-GME-SDW-FP-FA-ZZZ-L02-010007-01 Shop Drawing for L02 1st Mechanical Floor Plan - Fire Alarm Layout.pdf,1,pages/8993a5e7e4553c09-p1.jpg,cover,BBY006-GME-SDW-FP-FA-ZZZ-L02-010007,01,ANN,consultant (Silver Stone),high,AI-drafted Golden label (v1 / v2 page labels) -- not a human signature,,,,,,,,
C0008,pilot,decision label,EP-30784/04- Drawings/08-Shop Drawing/1.FAVE/recieved/BBY006-GME-SDW-FP-FA-ZZZ-L02-010007-01 Shop Drawing for L02 1st Mechanical Floor Plan - Fire Alarm Layout.pdf,2,pages/307d26ca5fd4f116-p2.jpg,sheet,BBY006-GME-SDW-FP-FA-ZZZ-L02-010007,01,ANN,consultant (Silver Stone),high,AI-drafted Golden label (v1 / v2 page labels) -- not a human signature,,,,,,,,
C0009,pilot,decision label,EP-30784/04- Drawings/08-Shop Drawing/1.FAVE/recieved/BBY006-GME-SDW-FP-FA-ZZZ-L02-010007-01 Shop Drawing for L02 1st Mechanical Floor Plan - Fire Alarm Layout.pdf,3,pages/85af8bd6a1ec203b-p3.jpg,cover,BBY006-GME-SDW-FP-FA-ZZZ-L02-010007,00,rejected,consultant (Silver Stone),high,AI-drafted Golden label (v1 / v2 page labels) -- not a human signature,,,,,,,,
C0010,pilot,decision label,EP-30784/04- Drawings/08-Shop Drawing/1.FAVE/recieved/BBY006-GME-SDW-FP-FA-ZZZ-L02-010007-01 Shop Drawing for L02 1st Mechanical Floor Plan - Fire Alarm Layout.pdf,4,pages/5add23e78dbe6a2e-p4.jpg,sheet,BBY006-GME-SDW-FP-FA-ZZZ-L02-010007,00,rejected,consultant (Silver Stone),high,AI-drafted Golden label (v1 / v2 page labels) -- not a human signature,,,,,,,,
C0011,pilot,decision label,EP-30784/04- Drawings/08-Shop Drawing/2.EML/Emergency Lighting Layout/BBY006-GME-SDW-EL-LI-ZZZ-L41-010050 Shop Drawing L41-3rd Mechanical Floor Plan Emergency Lighting Layout.pdf,1,pages/a7293cd01d1d8865-p1.jpg,cover,BBY006-GME-SDW-EL-LI-ZZZ-L41-010050,00,ANN,consultant (Silver Stone),high,AI-drafted Golden label (v1 / v2 page labels) -- not a human signature,,,,,,,,
C0012,pilot,decision label,EP-30784/04- Drawings/08-Shop Drawing/2.EML/Emergency Lighting Layout/BBY006-GME-SDW-EL-LI-ZZZ-L41-010050 Shop Drawing L41-3rd Mechanical Floor Plan Emergency Lighting Layout.pdf,2,pages/893cc6361c8804f1-p2.jpg,sheet,BBY006-GME-SDW-EL-LI-ZZZ-L41-010050,00,ANN,consultant (Silver Stone),high,AI-drafted Golden label (v1 / v2 page labels) -- not a human signature,,,,,,,,
C0013,pilot,decision label,EP-30784/04- Drawings/08-Shop Drawing/2.EML/Emergency Lighting Layout/BBY006-GME-SDW-EL-LI-POD-P01-010029 Shop Drawing for Podium-1 Floor Plan Emergency Lighting Layout.pdf,1,pages/2d54f975d1d6d297-p1.jpg,cover,BBY006-GME-SDW-EL-LI-POD-P01-010029,00,rejected,consultant (Silver Stone),high,AI-drafted Golden label (v1 / v2 page labels) -- not a human signature,,,,,,,,
C0014,pilot,decision label,EP-30784/04- Drawings/08-Shop Drawing/2.EML/Emergency Lighting Layout/BBY006-GME-SDW-EL-LI-POD-P01-010029 Shop Drawing for Podium-1 Floor Plan Emergency Lighting Layout.pdf,2,pages/f112f80f5417ccae-p2.jpg,sheet,BBY006-GME-SDW-EL-LI-POD-P01-010029,00,rejected,consultant (Silver Stone),high,AI-drafted Golden label (v1 / v2 page labels) -- not a human signature,,,,,,,,
C0015,pilot,decision label,EP-30784/04- Drawings/08-Shop Drawing/2.EML/Emergency Lighting Layout/BBY006-GME-SDW-EL-LI-POD-P01-010029 Shop Drawing for Podium-1 Floor Plan Emergency Lighting Layout.pdf,3,pages/ac0f4afde48dd359-p3.jpg,no-record page,absent,absent,n/a,,high,AI-drafted Golden label (v1 / v2 page labels) -- not a human signature,,,,,,,,
C0016,pilot,decision label,EP-30784/04- Drawings/08-Shop Drawing/2.EML/Emergency Lighting Layout/BBY006-GME-SDW-EL-LI-POD-P01-010029 Shop Drawing for Podium-1 Floor Plan Emergency Lighting Layout.pdf,4,pages/55ca4ee4b8064e86-p4.jpg,no-record page,absent,absent,n/a,,high,AI-drafted Golden label (v1 / v2 page labels) -- not a human signature,,,,,,,,
C0017,pilot,decision label,EP-30784/04- Drawings/08-Shop Drawing/2.EML/Emergency Lighting Layout/BBY006-GME-SDW-EL-LI-POD-P01-010029 Shop Drawing for Podium-1 Floor Plan Emergency Lighting Layout.pdf,5,pages/1554d3da71c59762-p5.jpg,no-record page,absent,absent,n/a,,high,AI-drafted Golden label (v1 / v2 page labels) -- not a human signature,,,,,,,,
C0018,pilot,decision label,EP-30784/04- Drawings/08-Shop Drawing/2.EML/Emergency Lighting Layout/BBY006-GME-SDW-EL-LI-POD-P01-010029 Shop Drawing for Podium-1 Floor Plan Emergency Lighting Layout.pdf,6,pages/d7bcdc57e8984ad0-p6.jpg,no-record page,absent,absent,n/a,,high,AI-drafted Golden label (v1 / v2 page labels) -- not a human signature,,,,,,,,
C0019,pilot,decision label,EP-30784/04- Drawings/08-Shop Drawing/2.EML/Emergency Lighting Layout/BBY006-GME-SDW-EL-LI-POD-P01-010029 Shop Drawing for Podium-1 Floor Plan Emergency Lighting Layout.pdf,7,pages/e248e5cf78e59a60-p7.jpg,no-record page,absent,absent,n/a,,high,AI-drafted Golden label (v1 / v2 page labels) -- not a human signature,,,,,,,,
C0020,pilot,decision label,EP-30784/04- Drawings/08-Shop Drawing/2.EML/Emergency Lighting Layout/BBY006-GME-SDW-EL-LI-POD-P01-010029 Shop Drawing for Podium-1 Floor Plan Emergency Lighting Layout.pdf,8,pages/813fbb2b9bbf86f7-p8.jpg,no-record page,absent,absent,n/a,,high,AI-drafted Golden label (v1 / v2 page labels) -- not a human signature,,,,,,,,
C0021,pilot,decision label,EP-30784/04- Drawings/08-Shop Drawing/2.EML/Emergency Lighting Layout/BBY006-GME-SDW-EL-LI-POD-P01-010029 Shop Drawing for Podium-1 Floor Plan Emergency Lighting Layout.pdf,17,pages/f916e5549367b078-p17.jpg,no-record page,absent,absent,n/a,,high,AI-drafted Golden label (v1 / v2 page labels) -- not a human signature,,,,,,,,
C0022,pilot,decision label,EP-30784/04- Drawings/08-Shop Drawing/2.EML/Emergency Lighting Layout/BBY006-GME-SDW-EL-LI-POD-P01-010029 Shop Drawing for Podium-1 Floor Plan Emergency Lighting Layout.pdf,18,pages/6f4b0d29d6ff5743-p18.jpg,no-record page,absent,absent,n/a,,high,AI-drafted Golden label (v1 / v2 page labels) -- not a human signature,,,,,,,,
C0023,pilot,decision label,EP-30784/04- Drawings/08-Shop Drawing/2.EML/Emergency Lighting Layout/BBY006-GME-SDW-EL-LI-POD-P01-010029 Shop Drawing for Podium-1 Floor Plan Emergency Lighting Layout.pdf,19,pages/be6035473ce94805-p19.jpg,no-record page,absent,absent,n/a,,high,AI-drafted Golden label (v1 / v2 page labels) -- not a human signature,,,,,,,,
C0024,pilot,decision label,EP-30784/04- Drawings/08-Shop Drawing/2.EML/Emergency Lighting Layout/BBY006-GME-SDW-EL-LI-POD-P01-010029 Shop Drawing for Podium-1 Floor Plan Emergency Lighting Layout.pdf,20,pages/cf7da90bad1f458f-p20.jpg,no-record page,absent,absent,n/a,,high,AI-drafted Golden label (v1 / v2 page labels) -- not a human signature,,,,,,,,
C0025,pilot,decision label,EP-30784/04- Drawings/08-Shop Drawing/1.FAVE/R1/rejected/BBY006-GME-SDW-FP-FA-BSM-B02-010027 Shop Drawing for Basement-2 Floor Plan - Fire Alarm Layout.pdf,1,pages/b71bfdb06f685063-p1.jpg,page1,BBY006-GME-SDW-FP-FA-BSM-B02-010027,00,rejected,,high,AI-drafted Golden label (v1 / v2 page labels) -- not a human signature,,,,,,,,
C0026,pilot,decision label,EP-30784/04- Drawings/08-Shop Drawing/2.EML/approved/BBY006-GME-SDW-EL-LI-ZZZ-L57-010041 Shop Drawing L57-4th Mechanical Floor Plan Emergency Lighting Layout.pdf,1,pages/198daa7077d6243c-p1.jpg,cover,BBY006-GME-SDW-EL-LI-ZZZ-L57-010041,00,ANN,consultant (Silver Stone),high,AI-drafted Golden label (v1 / v2 page labels) -- not a human signature,,,,,,,,
C0027,pilot,decision label,EP-30784/04- Drawings/08-Shop Drawing/2.EML/approved/BBY006-GME-SDW-EL-LI-ZZZ-L57-010041 Shop Drawing L57-4th Mechanical Floor Plan Emergency Lighting Layout.pdf,2,pages/73e5dad403210bfb-p2.jpg,sheet,BBY006-GME-SDW-EL-LI-ZZZ-L57-010041,00,ANN,consultant (Silver Stone),high,AI-drafted Golden label (v1 / v2 page labels) -- not a human signature,,,,,,,,
C0028,pilot,decision label,"EP-30784/08- approval/MS/FA/BBY006-GME-MAS-EL-FA-0001 Material Submittal for Fire Alarm, Fire Telephone & Voice Evacuation System.pdf",1,pages/ce592243848d9b2b-p1.jpg,page1,BBY006-GME-MAS-EL-FA-0001,00,ANN,,high,AI-drafted Golden label (v1 / v2 page labels) -- not a human signature,,,,,,,,
C0029,pilot,decision label; ambiguous or low-confidence label,EP-30784/08- approval/samples/FA/R1/BBY006-GME-SAR-EL-FA-0002 Sample Approval Request for Fire Alarm & Voice Evacuation System.pdf,1,pages/2467bd24cee65668-p1.jpg,form,BBY006-GME-SAR-EL-FA-0002,00,ANN,consultant (Silver Stone),medium,AI-drafted Golden label (v1 / v2 page labels) -- not a human signature,,,,,,,,
C0030,pilot,decision label,EP-30784/08- approval/samples/FA/R1/BBY006-GME-SAR-EL-FA-0002 Sample Approval Request for Fire Alarm & Voice Evacuation System.pdf,3,pages/0a2f93776ecd4ddf-p3.jpg,attached_submission,BBY006-GME-MAS-EL-FA-0001,00,ANN,consultant (Silver Stone),high,AI-drafted Golden label (v1 / v2 page labels) -- not a human signature,,,,,,,,
C0031,pilot,decision label; critical disagreement / adjudicated case,EP-30784/08- approval/samples/FA/R1/BBY006-GME-SAR-EL-FA-0002 Sample Approval Request for Fire Alarm & Voice Evacuation System.pdf,2,pages/a93593710cf2729f-p2.jpg,no-record page,absent,absent,n/a,,high,AI-drafted Golden label (v1 / v2 page labels) -- not a human signature,,,,,,,,
C0032,pilot,decision label,EP-30784/03- MS/03- FRC/03- TIANJIE/BBY006_1.PDF,1,pages/b90a7f4be30b291d-p1.jpg,form,BBY006-GME-MAS-EL-FA-0004,00,rejected,consultant (Silver Stone),high,AI-drafted Golden label (v1 / v2 page labels) -- not a human signature,,,,,,,,
C0033,pilot,decision label; critical disagreement / adjudicated case,EP-30784/03- MS/03- FRC/03- TIANJIE/BBY006_1.PDF,2,pages/c66b79de106e74a4-p2.jpg,no-record page,absent,absent,n/a,,high,AI-drafted Golden label (v1 / v2 page labels) -- not a human signature,,,,,,,,
C0034,pilot,decision label; critical disagreement / adjudicated case,EP-30784/03- MS/03- FRC/03- TIANJIE/BBY006_1.PDF,3,pages/21d2d84830ad11c6-p3.jpg,no-record page,absent,absent,n/a,,high,AI-drafted Golden label (v1 / v2 page labels) -- not a human signature,,,,,,,,
C0035,pilot,decision label,EP-30784/03- MS/03- FRC/03- TIANJIE/BBY006_1.PDF,4,pages/de1380457f6d8bdb-p4.jpg,no-record page,absent,absent,n/a,,high,AI-drafted Golden label (v1 / v2 page labels) -- not a human signature,,,,,,,,
C0036,pilot,decision label,EP-30784/03- MS/03- FRC/03- TIANJIE/BBY006_1.PDF,5,pages/bd16a2a075fe2bf3-p5.jpg,no-record page,absent,absent,n/a,,high,AI-drafted Golden label (v1 / v2 page labels) -- not a human signature,,,,,,,,
C0037,pilot,decision label,EP-30784/03- MS/03- FRC/03- TIANJIE/BBY006_1.PDF,6,pages/0765a20db9fbdbdb-p6.jpg,no-record page,absent,absent,n/a,,high,AI-drafted Golden label (v1 / v2 page labels) -- not a human signature,,,,,,,,
C0038,pilot,decision label,EP-30784/03- MS/03- FRC/03- TIANJIE/BBY006_1.PDF,7,pages/86047795a29e8ced-p7.jpg,no-record page,absent,absent,n/a,,high,AI-drafted Golden label (v1 / v2 page labels) -- not a human signature,,,,,,,,
C0039,pilot,decision label,EP-30784/03- MS/03- FRC/03- TIANJIE/BBY006_1.PDF,8,pages/89d692c6ee90268f-p8.jpg,no-record page,absent,absent,n/a,,high,AI-drafted Golden label (v1 / v2 page labels) -- not a human signature,,,,,,,,
C0040,pilot,decision label,EP-30784/03- MS/03- FRC/03- TIANJIE/BBY006_1.PDF,9,pages/8bf64bd55cc8fb96-p9.jpg,no-record page,absent,absent,n/a,,high,AI-drafted Golden label (v1 / v2 page labels) -- not a human signature,,,,,,,,
C0041,pilot,decision label,EP-30784/03- MS/03- FRC/03- TIANJIE/BBY006_1.PDF,10,pages/cc9311d36b7b15c2-p10.jpg,no-record page,absent,absent,n/a,,high,AI-drafted Golden label (v1 / v2 page labels) -- not a human signature,,,,,,,,
C0042,pilot,decision label,EP-30784/03- MS/03- FRC/03- TIANJIE/BBY006_1.PDF,11,pages/931b6534f9927884-p11.jpg,no-record page,absent,absent,n/a,,high,AI-drafted Golden label (v1 / v2 page labels) -- not a human signature,,,,,,,,
C0043,pilot,decision label,EP-30784/03- MS/03- FRC/03- TIANJIE/BBY006_1.PDF,12,pages/fa5f4eb416b3e19a-p12.jpg,no-record page,absent,absent,n/a,,high,AI-drafted Golden label (v1 / v2 page labels) -- not a human signature,,,,,,,,
C0044,pilot,decision label; critical disagreement / adjudicated case,EP-30784/04- Drawings/08-Shop Drawing/2.EML/R01/POD-3/Reply to MS Consultant Comments 31 (3).pdf,1,pages/4bae4543cf53ba17-p1.jpg,page1,BBY006-GME-SDW-EL-LI-POD-P03-010031,absent,n/a,,high,AI-drafted Golden label (v1 / v2 page labels) -- not a human signature,,,,,,,,
C0045,pilot,decision label; critical disagreement / adjudicated case,EP-30784/04- Drawings/08-Shop Drawing/2.EML/R01/POD-1/Reply to MS Consultant Comments 31 (1).pdf,1,pages/0544b618a902e9f9-p1.jpg,page1,BBY006-GME-SDW-EL-LI-POD-P01-010029,absent,n/a,,high,AI-drafted Golden label (v1 / v2 page labels) -- not a human signature,,,,,,,,
C0046,pilot,decision label,EP-30784/08- approval/MS/EML/R0/Reply to MS Consultant Comments.pdf,1,pages/6744bbb41a0aed57-p1.jpg,page1,BBY006-GME-MAS-EL-LI-0001 - R.00,R.00 (printed with the reference),n/a,,high,AI-drafted Golden label (v1 / v2 page labels) -- not a human signature,,,,,,,,
C0047,pilot,decision label,EP-30784/08- approval/samples/FA/R1/Reply to MS Consultant Comments (2).pdf,1,pages/3ee3f1914ebc00ab-p1.jpg,page1,BBY006-GME-SAR-EL-FA-0001,absent,n/a,,high,AI-drafted Golden label (v1 / v2 page labels) -- not a human signature,,,,,,,,
C0048,pilot,decision label,EP-30784/01- EP-30784 Scan/EP-30784 DRF.pdf,1,pages/4e99af767226147f-p1.jpg,page1,"3728 (DRF No., handwritten)",04 (form revision number),n/a,,high,AI-drafted Golden label (v1 / v2 page labels) -- not a human signature,,,,,,,,
C0049,pilot,critical disagreement / adjudicated case,EP-30784/01- EP-30784 Scan/EP-30784 EML Design.pdf,1,pages/241c5652f6d3ccc8-p1.jpg,page1,EP-30784,absent,n/a,,high,AI-drafted Golden label (v1 / v2 page labels) -- not a human signature,,,,,,,,
C0050,pilot,decision label,EP-30784/01- EP-30784 Scan/EP-30784 EML Sam B Ack 06.08.26.pdf,1,pages/faafee213de5f9a6-p1.jpg,page1,TR/197/26,absent,n/a,,high,AI-drafted Golden label (v1 / v2 page labels) -- not a human signature,,,,,,,,
C0051,pilot,decision label,EP-30784/06- Transmittal/EM Sam B 06.8.26.doc,1,open the original (FileDataError),page1,TR/197/26,absent,n/a,,high,AI-drafted Golden label (v1 / v2 page labels) -- not a human signature,,,,,,,,
C0052,pilot,decision label,EP-30784/06- Transmittal/EP-30784 Optical detector Sam B.doc,1,open the original (FileDataError),page1,TR/238/26,absent,n/a,,high,AI-drafted Golden label (v1 / v2 page labels) -- not a human signature,,,,,,,,
C0053,pilot,decision label,EP-30088/04. Drawings/SD/recieved/TransferNow-20260908BGEp3fee/Fire alarm layout/Received/R01/ICC-DLRC-SPM-SD-MEP-FA-0042-01-HC FLOOR FIRE ALARM LAYOUT_ICC-DLRC-SPM-SD-MEP-FA-0042-01.pdf,1,pages/eb23b62a2c475cc8-p1.jpg,cover,ICC-DLRC-SPM-SD-MEP-FA-0042,01,ANN,consultant (York),high,AI-drafted Golden label (v1 / v2 page labels) -- not a human signature,,,,,,,,
C0054,pilot,decision label,EP-30088/04. Drawings/SD/recieved/TransferNow-20260908BGEp3fee/Fire alarm layout/Received/R01/ICC-DLRC-SPM-SD-MEP-FA-0042-01-HC FLOOR FIRE ALARM LAYOUT_ICC-DLRC-SPM-SD-MEP-FA-0042-01.pdf,2,pages/a0475647b7fbf9ef-p2.jpg,cover,ICC-DLRC-SPM-SD-MEP-0042,00,rejected,consultant (York),high,AI-drafted Golden label (v1 / v2 page labels) -- not a human signature,,,,,,,,
C0055,pilot,decision label,EP-30088/04. Drawings/SD/recieved/TransferNow-20260908BGEp3fee/Fire alarm layout/Received/R01/ICC-DLRC-SPM-SD-MEP-FA-0042-01-HC FLOOR FIRE ALARM LAYOUT_ICC-DLRC-SPM-SD-MEP-FA-0042-01.pdf,3,pages/46c9eeefe112a0b9-p3.jpg,sheet,ICC-DLRC-SPM-SD-MEP/FA-103,01,UR,,high,AI-drafted Golden label (v1 / v2 page labels) -- not a human signature,,,,,,,,
C0056,pilot,decision label,EP-30088/10. SD/recieved/Fire alarm layout/Received/R01/ICC-DLRC-SPM-SD-MEP-FA-0042-01-HC FLOOR FIRE ALARM LAYOUT_ICC-DLRC-SPM-SD-MEP-FA-0042-01.pdf,1,pages/57a3c8419ef0a360-p1.jpg,cover,ICC-DLRC-SPM-SD-MEP-FA-0042,01,ANN,consultant (York),high,AI-drafted Golden label (v1 / v2 page labels) -- not a human signature,,,,,,,,
C0057,pilot,decision label,EP-30088/10. SD/recieved/Fire alarm layout/Received/R01/ICC-DLRC-SPM-SD-MEP-FA-0042-01-HC FLOOR FIRE ALARM LAYOUT_ICC-DLRC-SPM-SD-MEP-FA-0042-01.pdf,2,pages/ff54caf2011e7609-p2.jpg,cover,ICC-DLRC-SPM-SD-MEP-0042,00,rejected,consultant (York),high,AI-drafted Golden label (v1 / v2 page labels) -- not a human signature,,,,,,,,
C0058,pilot,decision label,EP-30088/10. SD/recieved/Fire alarm layout/Received/R01/ICC-DLRC-SPM-SD-MEP-FA-0042-01-HC FLOOR FIRE ALARM LAYOUT_ICC-DLRC-SPM-SD-MEP-FA-0042-01.pdf,3,pages/4b8bdcfee0f55e5a-p3.jpg,sheet,ICC-DLRC-SPM-SD-MEP/FA-103,01,UR,,high,AI-drafted Golden label (v1 / v2 page labels) -- not a human signature,,,,,,,,
C0059,pilot,decision label,EP-30088/10. SD/recieved/Fire alarm layout/Received/R0/R0/ICC-DLRC-SPM-SD-MEP-0040-00-BASEMENT-02 FLOOR PLAN FIRE ALARM LAYOUT_ICC-DLRC-SPM-SD-MEP-0040-00.pdf,1,pages/f3058710e79fc679-p1.jpg,page1,ICC-DLRC-SPM-SD-MEP-0040,00,rejected,,high,AI-drafted Golden label (v1 / v2 page labels) -- not a human signature,,,,,,,,
C0060,pilot,decision label,EP-30088/03. Document/1. SAMANA PARK MEADOWS/3. SHOP DRAWING/FIRE FIGHTING/ICC-DLRC-SPM-SD-MEP-FF-0052-03-COMMENTED-B.pdf,1,pages/7c0f45e13df066d5-p1.jpg,cover,ICC-DLRC-SPM-SD-MEP-FF-0052,03,ANN,consultant (York),high,AI-drafted Golden label (v1 / v2 page labels) -- not a human signature,,,,,,,,
C0061,pilot,decision label,EP-30088/03. Document/1. SAMANA PARK MEADOWS/3. SHOP DRAWING/FIRE FIGHTING/ICC-DLRC-SPM-SD-MEP-FF-0052-03-COMMENTED-B.pdf,2,pages/d30cfc6284349407-p2.jpg,cover,ICC-DLRC-SPM-SD-MEP-FF-0052,02,rejected,consultant (York),high,AI-drafted Golden label (v1 / v2 page labels) -- not a human signature,,,,,,,,
C0062,pilot,decision label,EP-30088/03. Document/1. SAMANA PARK MEADOWS/3. SHOP DRAWING/FIRE FIGHTING/ICC-DLRC-SPM-SD-MEP-FF-0052-03-COMMENTED-B.pdf,3,pages/e12e292d25814a8a-p3.jpg,sheet,ICC-DLRC-SPM-SD-MEP/FF-105,02,UR,,high,AI-drafted Golden label (v1 / v2 page labels) -- not a human signature,,,,,,,,
C0063,pilot,decision label,EP-30088/10. SD/recieved/Fire alarm layout/Received/R01/ICC-DLRC-SPM-SD-MEP-FA-0128-00-COMMENTED-C.pdf,1,pages/30c7305cc99074b4-p1.jpg,page1,ICC-DLRC-SPM-SD-MEP-FA-0128,00,rejected,,high,AI-drafted Golden label (v1 / v2 page labels) -- not a human signature,,,,,,,,
C0064,pilot,decision label,EP-30088/04. Drawings/SD/recieved/TransferNow-20260908BGEp3fee/Emergency Lighting Layout/Received/ICC-DLRC-SPM-SD-MEP-0086-00-COMMENTED-C.pdf,1,pages/a939c9ab8050db75-p1.jpg,page1,ICC-DLRC-SPM-SD-MEP-0086,00,rejected,,high,AI-drafted Golden label (v1 / v2 page labels) -- not a human signature,,,,,,,,
C0065,pilot,decision label,EP-30088/04. Drawings/SD/recieved/TransferNow-20260908BGEp3fee/Emergency Lighting Layout/Received/ICC-DLRC-SPM-SD-MEP-0084-00-COMMENTED-C.pdf,1,pages/65f134d3f6d1f25f-p1.jpg,page1,ICC-DLRC-SPM-SD-MEP-0084,00,rejected,,high,AI-drafted Golden label (v1 / v2 page labels) -- not a human signature,,,,,,,,
C0066,pilot,decision label,EP-30088/04. Drawings/SD/recieved/TransferNow-20260908BGEp3fee/Emergency Lighting Layout/Received/ICC-DLRC-SPM-SD-MEP-0078-00-COMMENTED-C.pdf,1,pages/d4f476115af5bb6b-p1.jpg,page1,ICC-DLRC-SPM-SD-MEP-0078,00,rejected,,high,AI-drafted Golden label (v1 / v2 page labels) -- not a human signature,,,,,,,,
C0067,pilot,decision label,EP-30088/10. SD/FA/recieved/R01/ICC-DLRC-SPM-SD-MEP-0040-00-COMMENTED-B.pdf,1,pages/a5977e26f52f95f9-p1.jpg,page1,ICC-DLRC-SPM-SD-MEP-0040,00,ANN,,high,AI-drafted Golden label (v1 / v2 page labels) -- not a human signature,,,,,,,,
C0068,pilot,decision label,EP-30088/04. Drawings/SD/recieved/TransferNow-20260908BGEp3fee/Emergency Lighting Layout/Received/ICC-DLRC-SPM-SD-MEP-0080-00-COMMENTED-C.pdf,1,pages/49e4d4837e8646c4-p1.jpg,page1,ICC-DLRC-SPM-SD-MEP-0080,00,rejected,,high,AI-drafted Golden label (v1 / v2 page labels) -- not a human signature,,,,,,,,
C0069,pilot,decision label,EP-30088/10. SD/recieved/Emergency Lighting Layout/Received/ICC-DLRC-SPM-SD-MEP-0077-00-COMMENTED-C.pdf,1,pages/42b2840e1d185d40-p1.jpg,page1,ICC-DLRC-SPM-SD-MEP-0077,00,rejected,,high,AI-drafted Golden label (v1 / v2 page labels) -- not a human signature,,,,,,,,
C0070,pilot,decision label,EP-30088/03. Document/1. SAMANA PARK MEADOWS/4. MATERIAL SUBMITTAL/FIRE ALARM/ICC-DLRC-SPM-MAR-MEP-0056-00-COMMENTED-B.pdf,1,pages/3ddcb8791c3f18c9-p1.jpg,page1,ICC-DLRC-SPM-MAR-MEP-0056,00,ANN,,high,AI-drafted Golden label (v1 / v2 page labels) -- not a human signature,,,,,,,,
C0071,pilot,ambiguous or low-confidence label,EP-30088/06. MS/EML/R1/SOM.pdf,1,pages/33baabca8d4b35e6-p1.jpg,no-record page,absent,absent,n/a,,medium,AI-drafted Golden label (v1 / v2 page labels) -- not a human signature,,,,,,,,
C0072,pilot,decision label,EP-30088/07. PQ Samana & IVY Gardens/PQ -R1/ICC-DLRC-SIG2-PQ-MEP-0005-00 -  PQ - Al ARABIA FOR SAFETY AND SECURITY LLC.pdf,1,pages/029dc380d2c2f264-p1.jpg,page1,ICC-DLRC-SIG2-PQ-MEP-0005,00,rejected,,high,AI-drafted Golden label (v1 / v2 page labels) -- not a human signature,,,,,,,,
C0073,pilot,critical disagreement / adjudicated case; ambiguous or low-confidence label,EP-30088/04. Drawings/1. IFC DRAWINGS/03. IFC/Park Medows   -Final Design Revision Arch  - Approved/REQ-2387569  - BP.pdf,1,pages/bbe5a2877086829d-p1.jpg,page1,REQ-2387569 (file) / permit number B2312982 (small print; medium confidence),absent,n/a,,medium,AI-drafted Golden label (v1 / v2 page labels) -- not a human signature,,,,,,,,
C0074,pilot,decision label,EP-30088/09. Scan Document/EP-30088 CBS Sam B ack 13.08.26.pdf,1,pages/c1fd5b5514f7abf6-p1.jpg,page1,TR/204/26,absent,n/a,,high,AI-drafted Golden label (v1 / v2 page labels) -- not a human signature,,,,,,,,
C0075,pilot,decision label,EP-30088/12. Transmittal/EP-30058 FA 24.07.26.doc,1,open the original (FileDataError),page1,TR/187/26,absent,n/a,,high,AI-drafted Golden label (v1 / v2 page labels) -- not a human signature,,,,,,,,
C0076,pilot,critical disagreement / adjudicated case,EP-29076/06- Drawings/10- MEP C1 30-03-2026/MEP/26.03.16 25h385_MEP_C1/Drgs/PDF/03-Elec/05-Fire Alarm/LAC-653-PLN-L08-ELV-FA-115-LAC-653-PLN-L08-ELV-FA-115.pdf,1,pages/986496548f6607ad-p1.jpg,page1,LAC-653-PLN-L08-ELV-FA-115,C1,n/a,,high,AI-drafted Golden label (v1 / v2 page labels) -- not a human signature,,,,,,,,
C0077,pilot,ambiguous or low-confidence label,EP-29076/06- Drawings/01- FA/03- SD/25H-AAEM-SD-ELEC-FA-112 - L05/25H-AAEM-SD-ELEC-FA-5F-013.pdf,1,pages/bb1a50e016e3294f-p1.jpg,page1,25H-AAEM-SD-ELEC-FA-5F-013,00,UR,,medium,AI-drafted Golden label (v1 / v2 page labels) -- not a human signature,,,,,,,,
C0078,pilot,ambiguous or low-confidence label,EP-29076/06- Drawings/01- FA/03- SD/25H-AAEM-SD-ELEC-FA-152 -L 64/R1/25H-AAEM-SD-ELEC-FA-64F-53A-R00.pdf,1,pages/f09ce7dfeef8da4d-p1.jpg,page1,unknown (the title block at the foot is too small; file name 25H-AAEM-SD-ELEC-FA-64F-53A-R00),unknown,unknown,,low,AI-drafted Golden label (v1 / v2 page labels) -- not a human signature,,,,,,,,
C0079,pilot,critical disagreement / adjudicated case,EP-29076/06- Drawings/04- SM/01- IFT/01- PDF/LAC-653-PLN-L20-MEC-SM-126-LAC-653-PLN-L20-MEC-SM-126.pdf,1,pages/d100274b652016a8-p1.jpg,page1,LAC-653-PLN-L20-MEC-SM-126,T,n/a,,high,AI-drafted Golden label (v1 / v2 page labels) -- not a human signature,,,,,,,,
C0080,pilot,critical disagreement / adjudicated case,EP-29076/06- Drawings/10- MEP C1 30-03-2026/MEP/26.03.16 25h385_MEP_C1/Drgs/PDF/02-Mech/01-HVAC/CHW/LAC-653-PLN-GLF-MEC-CW-103.pdf,1,pages/b2522199cb56165d-p1.jpg,page1,LAC-653-PLN-GLF-MEC-CW-103,C1,n/a,,high,AI-drafted Golden label (v1 / v2 page labels) -- not a human signature,,,,,,,,
C0081,pilot,decision label; critical disagreement / adjudicated case,EP-29076/06- Drawings/01- FA/03- SD/Fire Alarm/25H-S202-NCC-SD-MEP-ELE-FA-003-R03 - Code B.pdf,1,pages/6569cfe011f451a3-p1.jpg,cover,25H-S202-NCC-SD-MEP-ELE-FA-003-R3,R3 (suffix of the reference); attachments rev 03,ANN,consultant (LACASA),high,AI-drafted Golden label (v1 / v2 page labels) -- not a human signature,,,,,,,,
C0082,pilot,decision label; ambiguous or low-confidence label,EP-29076/06- Drawings/01- FA/03- SD/Fire Alarm/25H-S202-NCC-SD-MEP-ELE-FA-003-R03 - Code B.pdf,2,pages/c3d531da83e97636-p2.jpg,sheet,25H-AAEM-SD-ELEC-FA-B1-003,03,UR,,medium,AI-drafted Golden label (v1 / v2 page labels) -- not a human signature,,,,,,,,
C0083,pilot,decision label; critical disagreement / adjudicated case; ambiguous or low-confidence label,EP-29076/06- Drawings/01- FA/03- SD/Fire Alarm/25H-S202-NCC-SD-MEP-ELE-FA-003-R03 - Code B.pdf,3,pages/13041b58155be258-p3.jpg,sheet,25H-AAEM-SD-ELEC-FA-B1-003A,03,UR,,medium,AI-drafted Golden label (v1 / v2 page labels) -- not a human signature,,,,,,,,
C0084,pilot,decision label; critical disagreement / adjudicated case,EP-29076/06- Drawings/01- FA/Fire Alarm/50 53rd Floor Fire Alarm Layout/1. R0/1. Submission/25H-S202-NCC-SD-MEP-ELE-FA-050-00.pdf,1,pages/95d15caf8c017f2f-p1.jpg,page1,25H-S202-NCC-SD-MEP-ELE-FA-050-00,00,UR,,high,AI-drafted Golden label (v1 / v2 page labels) -- not a human signature,,,,,,,,
C0085,pilot,decision label,EP-29076/06- Drawings/01- FA/Fire Alarm/05. Mezzanine  Floor Fire Alarm Layout/3. R2/1. Submission/25H-S202-NCC-SD-MEP-ELE-FA-005-R2.pdf,1,pages/af65c2e8be74004d-p1.jpg,page1,25H-S202-NCC-SD-MEP-ELE-FA-005-R2,R2 (attachments revision 02),UR,,high,AI-drafted Golden label (v1 / v2 page labels) -- not a human signature,,,,,,,,
C0086,pilot,critical disagreement / adjudicated case,EP-29076/06- Drawings/10- MEP C1 30-03-2026/MEP/26.03.16 25h385_MEP_C1/Drgs/PDF/02-Mech/04-Water/LAC-653-PLN-L26-PLD-WS-131.pdf,1,pages/2783e1ac420c3f6e-p1.jpg,page1,LAC-653-PLN-L26-PLD-WS-131,C1,n/a,,high,AI-drafted Golden label (v1 / v2 page labels) -- not a human signature,,,,,,,,
C0087,pilot,decision label; critical disagreement / adjudicated case,EP-29076/06- Drawings/01- FA/03- SD/Fire Alarm/25H-NCC-SD-MEP-ELE-FA-024-R00 - Code C.pdf,1,pages/f8bc7128af18b73c-p1.jpg,cover,25H-S202-NCC-SD-MEP-ELE-FA-024-R0,R0 (suffix of the reference),rejected,consultant (LACASA),high,AI-drafted Golden label (v1 / v2 page labels) -- not a human signature,,,,,,,,
C0088,pilot,decision label; ambiguous or low-confidence label,EP-29076/06- Drawings/01- FA/03- SD/Fire Alarm/25H-NCC-SD-MEP-ELE-FA-024-R00 - Code C.pdf,2,pages/6745fb757c97fd4e-p2.jpg,sheet,25H-AAEM-SD-ELEC-FA-16F-023,00,UR,,medium,AI-drafted Golden label (v1 / v2 page labels) -- not a human signature,,,,,,,,
C0089,pilot,decision label; ambiguous or low-confidence label,EP-29076/06- Drawings/01- FA/03- SD/Fire Alarm/25H-NCC-SD-MEP-ELE-FA-024-R00 - Code C.pdf,3,pages/90623564f4c959d1-p3.jpg,sheet,25H-AAEM-SD-ELEC-FA-16F-023A,00,UR,,medium,AI-drafted Golden label (v1 / v2 page labels) -- not a human signature,,,,,,,,
C0090,pilot,decision label; ambiguous or low-confidence label,EP-29076/06- Drawings/01- FA/03- SD/Fire Alarm/25H-NCC-SD-MEP-ELE-FA-024-R00 - Code C.pdf,4,pages/0f81713d11256772-p4.jpg,sheet,25H-AAEM-SD-ELEC-FA-16F-023,00,UR,,low,AI-drafted Golden label (v1 / v2 page labels) -- not a human signature,,,,,,,,
C0091,pilot,decision label; ambiguous or low-confidence label,EP-29076/06- Drawings/01- FA/03- SD/Fire Alarm/25H-NCC-SD-MEP-ELE-FA-024-R00 - Code C.pdf,5,pages/e0e8590e26e5ed63-p5.jpg,sheet,25H-AAEM-SD-ELEC-FA-16F-023A,00,UR,,low,AI-drafted Golden label (v1 / v2 page labels) -- not a human signature,,,,,,,,
C0092,pilot,decision label; critical disagreement / adjudicated case,EP-29076/06- Drawings/01- FA/Fire Alarm/31. 24th Floor Fire Alarm Layout/25H-S202-NCC-SD-MEP-ELE-FA-031-R00 - Code B.pdf,1,pages/b0d8b96006344d16-p1.jpg,cover,25H-S202-NCC-SD-MEP-ELE-FA-031-R00,R00 (suffix of the reference),ANN,consultant (LACASA),high,AI-drafted Golden label (v1 / v2 page labels) -- not a human signature,,,,,,,,
C0093,pilot,decision label; critical disagreement / adjudicated case; ambiguous or low-confidence label,EP-29076/06- Drawings/01- FA/Fire Alarm/31. 24th Floor Fire Alarm Layout/25H-S202-NCC-SD-MEP-ELE-FA-031-R00 - Code B.pdf,2,pages/b29df84aa2374016-p2.jpg,sheet,25H-AAEM-SD-ELEC-FA-24F-030,00,UR,,medium,AI-drafted Golden label (v1 / v2 page labels) -- not a human signature,,,,,,,,
C0094,pilot,decision label; ambiguous or low-confidence label,EP-29076/06- Drawings/01- FA/Fire Alarm/31. 24th Floor Fire Alarm Layout/25H-S202-NCC-SD-MEP-ELE-FA-031-R00 - Code B.pdf,3,pages/e2b1b25c99a90e35-p3.jpg,sheet,25H-AAEM-SD-ELEC-FA-24F-030A,00,UR,,medium,AI-drafted Golden label (v1 / v2 page labels) -- not a human signature,,,,,,,,
C0095,pilot,decision label,EP-29076/06- Drawings/02- CBS/03- SD/25H-AAEM-SD-ELEC-EM-102 - B1/R0/25H-AAEM-SD-ELEC-EM-B1-003( - Copy.pdf,1,pages/40a6b31cec4fc91e-p1.jpg,page1,25H-AAEM-SD-ELEC-EM-B1-003,00,UR,,high,AI-drafted Golden label (v1 / v2 page labels) -- not a human signature,,,,,,,,
C0096,pilot,critical disagreement / adjudicated case,EP-29076/06- Drawings/10- MEP C1 30-03-2026/MEP/26.03.16 25h385_MEP_C1/Drgs/PDF/03-Elec/04-Low Current/LAC-653-PLN-R04-ELV-AI-164-LAC-653-PLN-R04-ELV-AI-164.pdf,1,pages/eac743e9f01ab52a-p1.jpg,page1,LAC-653-PLN-R04-ELV-AI-164,C1,n/a,,high,AI-drafted Golden label (v1 / v2 page labels) -- not a human signature,,,,,,,,
C0097,pilot,decision label,EP-29076/06- Drawings/01- FA/03- SD/25H-AAEM-SD-ELEC-FA-100 - LP/R03/New folder/25H-S202-NCC-SD-MEP-ELE-FA-001-R02 - Code C (1).pdf,1,pages/0dd029905e486089-p1.jpg,page1,25H-S202-NCC-SD-MEP-ELE-FA-001-R2,R2 (attachment revision 02),rejected,,high,AI-drafted Golden label (v1 / v2 page labels) -- not a human signature,,,,,,,,
C0098,pilot,critical disagreement / adjudicated case,EP-29076/06- Drawings/03- FF/01- IFT/01- PDF/LAC-653-PLN-L27-FPR-FF-132.pdf,1,pages/8fae0ba0b9c3f6f7-p1.jpg,page1,LAC-653-PLN-L27-FPR-FF-132,T,n/a,,high,AI-drafted Golden label (v1 / v2 page labels) -- not a human signature,,,,,,,,
C0099,pilot,critical disagreement / adjudicated case,EP-29076/06- Drawings/10- MEP C1 30-03-2026/MEP/26.03.16 25h385_MEP_C1/Drgs/PDF/02-Mech/01-HVAC/AC/LAC-653-PLN-L02-MEC-HV-109.pdf,1,pages/a3b8644b2c157bc9-p1.jpg,page1,LAC-653-PLN-L02-MEC-HV-109,C1,n/a,,high,AI-drafted Golden label (v1 / v2 page labels) -- not a human signature,,,,,,,,
C0100,pilot,critical disagreement / adjudicated case; ambiguous or low-confidence label,EP-29076/06- Drawings/01- FA/02- IFC/02- PDF/swisstransfer_69ce9fa7-17c4-4f2e-886d-fa8f29725377/LAC-653-GEN-ZZZ-ELV-FA-211.pdf,1,pages/d38d93030a1b7644-p1.jpg,page1,LAC-653-GEN-ZZZ-ELV-FA-211,C,n/a,,medium,AI-drafted Golden label (v1 / v2 page labels) -- not a human signature,,,,,,,,
C0101,pilot,critical disagreement / adjudicated case; ambiguous or low-confidence label,EP-29076/03- input/OneDrive_2025-12-15 (1)/4_25 Hours - NARESCO/01_MEP Works/04_Drawings/04_MEP/Mechanical/06-LPG/LAC-653-PLN-M01-PLD-LG-103B.pdf,1,pages/c4047ef10dc0c397-p1.jpg,page1,LAC-653-PLN-M01-PLD-LG-103B,T,n/a,,medium,AI-drafted Golden label (v1 / v2 page labels) -- not a human signature,,,,,,,,
C0102,pilot,critical disagreement / adjudicated case; ambiguous or low-confidence label,EP-29076/03- input/OneDrive_2025-12-15 (1)/4_25 Hours - NARESCO/01_MEP Works/04_Drawings/04_MEP/Electrical/03-Power/LAC-653-PLN-L17-ELE-EP-123-LAC-653-PLN-L17-ELE-EP-123.pdf,1,pages/fbd36af3e6a9f05e-p1.jpg,page1,LAC-653-PLN-L17-ELE-EP-123,T,n/a,,medium,AI-drafted Golden label (v1 / v2 page labels) -- not a human signature,,,,,,,,
C0103,pilot,critical disagreement / adjudicated case,EP-29076/03- input/OneDrive_2025-12-15 (1)/4_25 Hours - NARESCO/01_MEP Works/04_Drawings/04_MEP/Electrical/03-Power/LAC-653-PLN-P02-ELE-EP-105-LAC-653-PLN-P02-ELE-EP-105.pdf,1,pages/df4481d35c5af7de-p1.jpg,page1,LAC-653-PLN-P02-ELE-EP-105,T,n/a,,high,AI-drafted Golden label (v1 / v2 page labels) -- not a human signature,,,,,,,,
C0104,pilot,critical disagreement / adjudicated case,EP-29076/03- input/OneDrive_2025-12-15 (1)/4_25 Hours - NARESCO/01_MEP Works/04_Drawings/04_MEP/Mechanical/02-Smoke/LAC-653-PLN-ZZZ-MEC-SM-155-LAC-653-PLN-ZZZ-MEC-SM-155.pdf,1,pages/62212907a6960a69-p1.jpg,page1,LAC-653-PLN-ZZZ-MEC-SM-155,T,n/a,,high,AI-drafted Golden label (v1 / v2 page labels) -- not a human signature,,,,,,,,
C0105,pilot,critical disagreement / adjudicated case,EP-29076/03- input/OneDrive_2025-12-15 (1)/4_25 Hours - NARESCO/01_MEP Works/04_Drawings/04_MEP/Electrical/03-Power/LAC-653-PLN-ZZZ-ELE-EP-154-LAC-653-PLN-ZZZ-ELE-EP-154.pdf,1,pages/a2bc7515575ebde5-p1.jpg,page1,LAC-653-PLN-ZZZ-ELE-EP-154,T,n/a,,high,AI-drafted Golden label (v1 / v2 page labels) -- not a human signature,,,,,,,,
C0106,pilot,critical disagreement / adjudicated case,EP-29076/03- input/OneDrive_2025-12-15 (1)/4_25 Hours - NARESCO/01_MEP Works/04_Drawings/04_MEP/Mechanical/02-Smoke/LAC-653-PLN-L03-MEC-SM-110-LAC-653-PLN-L03-MEC-SM-110.pdf,1,pages/27700e5b230c29ee-p1.jpg,page1,LAC-653-PLN-L03-MEC-SM-110,T,n/a,,high,AI-drafted Golden label (v1 / v2 page labels) -- not a human signature,,,,,,,,
C0107,pilot,critical disagreement / adjudicated case,EP-29076/06- Drawings/02- CBS/02- IFC/02- PDF/swisstransfer_69ce9fa7-17c4-4f2e-886d-fa8f29725377/LAC-653-PLN-L04-ELV-FA-111.pdf,1,pages/260eb18408a54474-p1.jpg,page1,LAC-653-PLN-L04-ELV-FA-111,C,n/a,,high,AI-drafted Golden label (v1 / v2 page labels) -- not a human signature,,,,,,,,
C0108,pilot,decision label; critical disagreement / adjudicated case,EP-29076/06- Drawings/02- CBS/03- SD/SLD/REF/OneDrive_1_9-18-2026 (1)/30. 23rd Floor Emergency Lighting Layout/1. R0/2. Commented/25H-S202-NCC-SD-MEP-ELE-EM-030-R00 - Code B.pdf,1,pages/3f81ed659a096236-p1.jpg,page1,25H-S202-NCC-SD-MEP-ELE-EM-030-R0,R0 (attachment revision 00),ANN,,high,AI-drafted Golden label (v1 / v2 page labels) -- not a human signature,,,,,,,,
C0109,pilot,decision label; critical disagreement / adjudicated case,EP-29076/06- Drawings/02- CBS/03- SD/SLD/REF/OneDrive_1_9-18-2026 (1)/23. 15th Floor Emergency Lighting Layout/3. R2/2. Commented/25H-S202-NCC-SD-MEP-ELE-EM-23-02_Code B/25H-S202-NCC-SD-MEP-ELE-EM-23-02_Code B.pdf,1,pages/f0f333064a770529-p1.jpg,page1,25H-S202-NCC-SD-MEP-ELE-EM-23-02,02 (from the reference; attachment revision 00),ANN,,high,AI-drafted Golden label (v1 / v2 page labels) -- not a human signature,,,,,,,,
C0110,pilot,decision label; ambiguous or low-confidence label,EP-29076/06- Drawings/02- CBS/03- SD/SLD/REF/OneDrive_1_9-18-2026 (1)/48 48th Floor Emergency Lighting Layout (Partial Mechanical Floor)/1. R0/2. Commented/25H-AAEM-SD-EMEC-EM-48F -047.pdf,1,pages/90525c82891cbb6f-p1.jpg,page1,unknown (title block rotated and small; file name 25H-AAEM-SD-EMEC-EM-48F -047),unknown,unknown,,low,AI-drafted Golden label (v1 / v2 page labels) -- not a human signature,,,,,,,,
C0111,pilot,decision label,EP-29076/06- Drawings/01- FA/03- SD/25H-AAEM-SD-ELEC-FA-102 - B1/R03/New folder/Reply to MS Consultant Comments.pdf,1,pages/d741ca59157fd1ad-p1.jpg,page1,25H-AAEM-SD-MAS-ELEC-FA-003-R2,R2 (printed with the reference),n/a,,high,AI-drafted Golden label (v1 / v2 page labels) -- not a human signature,,,,,,,,
C0112,pilot,ambiguous or low-confidence label,EP-29076/06- Drawings/01- FA/03- SD/00- APPROVED/25H-S202-NCC-SD-MEP-ELE-FA-058-R00 - Code B/25H-AAEM-SD-ELEC-FA-69F-058A.pdf,1,pages/29abf6052a7ad32b-p1.jpg,page1,25H-AAEM-SD-ELEC-FA-69F-058A (from the file name; title block rotated),unknown (00 on the sibling tile 96),unknown,,low,AI-drafted Golden label (v1 / v2 page labels) -- not a human signature,,,,,,,,
C0113,pilot,decision label; critical disagreement / adjudicated case,EP-29076/06- Drawings/01- FA/03- SD/00- APPROVED/25H-S202-NCC-SD-MEP-ELE-FA-047_Code B/25H-S202-NCC-SD-MEP-ELE-FA-047_Code B.pdf,1,pages/729e661509b12db2-p1.jpg,page1,25H-S202-NCC-SD-MEP-ELE-FA-047-00,00,ANN,,high,AI-drafted Golden label (v1 / v2 page labels) -- not a human signature,,,,,,,,
C0114,pilot,decision label; critical disagreement / adjudicated case,EP-29076/06- Drawings/01- FA/03- SD/00- APPROVED/25H-S202-NCC-SD-MEP-ELE-FA-057-R00 - Code B/25H-S202-NCC-SD-MEP-ELE-FA-057-R00 - Code B.pdf,1,pages/e017970e1218495c-p1.jpg,page1,25H-S202-NCC-SD-MEP-ELE-FA-057-00,00,ANN,,high,AI-drafted Golden label (v1 / v2 page labels) -- not a human signature,,,,,,,,
C0115,pilot,decision label; critical disagreement / adjudicated case,EP-29076/01- EP-29076 - Scan/EP-29076 FA MS & Sam B CBS Ack 14.05.26.pdf,1,pages/e0c9a85f1a1e6658-p1.jpg,page1,TR/0127/26,absent,n/a,,high,AI-drafted Golden label (v1 / v2 page labels) -- not a human signature,,,,,,,,
C0116,pilot,ambiguous or low-confidence label,EP-29076/03- input/OneDrive_2025-12-15 (1)/4_25 Hours - NARESCO/01_MEP Works/03_Specifications/ICT & AV Systems/274100- AV-BGM Digital Signage System Specification 30082024.pdf,1,pages/98a604e766698427-p1.jpg,page1,274100,TENDER (revision history: TENDER 30-08-2024 ISSUED FOR TENDER BR MS MK),n/a,,medium,AI-drafted Golden label (v1 / v2 page labels) -- not a human signature,,,,,,,,
C0117,pilot,decision label,EP-29076/02- Transmittal/EP-29076 CBS MS & SB 11.06.26.doc,1,open the original (FileDataError),page1,TR/0149/26,absent,n/a,,high,AI-drafted Golden label (v1 / v2 page labels) -- not a human signature,,,,,,,,
C0118,pilot,decision label,EP-29076/02- Transmittal/EP-29076 FAVE & CBS MS R0.doc,1,open the original (FileDataError),page1,TR/091/26,absent,n/a,,high,AI-drafted Golden label (v1 / v2 page labels) -- not a human signature,,,,,,,,
C0119,pilot,decision label,EP-27474/EP-27474 Scan/EP-27474 DRF.pdf,1,pages/e28a3a0e6cac1726-p1.jpg,page1,"3473 (DRF No., handwritten)",04 (form revision),n/a,,high,AI-drafted Golden label (v1 / v2 page labels) -- not a human signature,,,,,,,,
C0120,pilot,ambiguous or low-confidence label,EP-25091/EP-25091 Inputs/IFC DWGS/F-12220-Lower Roof Plan-F-12221.pdf,1,pages/8cbbcc9a4820f9e3-p1.jpg,page1,F-12221,D1,n/a,,medium,AI-drafted Golden label (v1 / v2 page labels) -- not a human signature,,,,,,,,
C0121,pilot,ambiguous or low-confidence label,EP-25091/EP-25091 Inputs/IFC DWGS/F-12200-First Floor Mezz Plan-F-12204.pdf,1,pages/eb95b4319284d439-p1.jpg,page1,F-12204,D2,n/a,,medium,AI-drafted Golden label (v1 / v2 page labels) -- not a human signature,,,,,,,,
C0122,pilot,ambiguous or low-confidence label,EP-25091/EP-25091 Inputs/IFC DWGS/F-12190-Ground Floor Mezz Plan-F-12193.pdf,1,pages/70a4a8cbd5431ee2-p1.jpg,page1,F-12193,D2,n/a,,medium,AI-drafted Golden label (v1 / v2 page labels) -- not a human signature,,,,,,,,
C0123,pilot,decision label; critical disagreement / adjudicated case,EP-25091/EP-25091 SD/Final SD  received on 04-02-26 from BK Gulf/ELETRICAL/PAVA/B1/R2 B/AKA-BKG-ELE-B1-SD-PAVA-00010.pdf,1,pages/490729f396e1dbdb-p1.jpg,page1,AKA-BKG-ELE-B1-SD-PAVA-00010,02,ANN,,high,AI-drafted Golden label (v1 / v2 page labels) -- not a human signature,,,,,,,,
C0124,pilot,decision label; ambiguous or low-confidence label,EP-25091/EP-25091 SD/Final SD  received on 04-02-26 from BK Gulf/ELETRICAL/FA/SCH/R2 C/AKA-DCC-ELE-FA-SD-000285-R2-AKA-Shop drawing for Fire Alarm System Schematic Diagram.pdf,1,pages/0fe13ac0df4f5561-p1.jpg,cover,AKA-DCC-ELE-FA-SD-000285,2 (REVISION NO.; 'R2' beside the SD SUB. NO.),ambiguous,employer's representative consultant (Arif & Bintoak),medium,AI-drafted Golden label (v1 / v2 page labels) -- not a human signature,,,,,,,,
C0125,pilot,decision label,EP-25091/EP-25091 SD/Final SD  received on 04-02-26 from BK Gulf/ELETRICAL/FA/SCH/R2 C/AKA-DCC-ELE-FA-SD-000285-R2-AKA-Shop drawing for Fire Alarm System Schematic Diagram.pdf,2,pages/4340c65289185161-p2.jpg,reply,AKA-DCC-ELE-FA-SD-000285,02,n/a,contractor (Dutco),high,AI-drafted Golden label (v1 / v2 page labels) -- not a human signature,,,,,,,,
C0126,pilot,decision label; critical disagreement / adjudicated case,EP-25091/EP-25091 SD/Final SD  received on 04-02-26 from BK Gulf/ELETRICAL/CBS/UR/R1 B/AKA-BKG-ELE-UR-SD-CBS-00054.pdf,1,pages/f67fbe7035c5ee4b-p1.jpg,page1,AKA-BKG-ELE-UR-SD-CBS-00054,01,ANN,,high,AI-drafted Golden label (v1 / v2 page labels) -- not a human signature,,,,,,,,
C0127,pilot,decision label,EP-25091/EP-25091 SD/Final SD  received on 04-02-26 from BK Gulf/ELETRICAL/FA/SCH/R2 C/AKA-BKG-ELE-FA-SD-SCH-00107.pdf,1,pages/b695c52d148e8a58-p1.jpg,page1,AKA-BKG-ELE-FA-SD-SCH-00107,02,UR,,high,AI-drafted Golden label (v1 / v2 page labels) -- not a human signature,,,,,,,,
C0128,pilot,decision label,EP-25091/EP-25091 SD/Final SD  received on 04-02-26 from BK Gulf/ELETRICAL/FA/SCH/R1 B/AKA-BKG-ELE-FA-SD-SCH-00102.pdf,1,pages/3202297a6a704c39-p1.jpg,page1,AKA-BKG-ELE-FA-SD-SCH-00102,01,ANN,,high,AI-drafted Golden label (v1 / v2 page labels) -- not a human signature,,,,,,,,
C0129,pilot,decision label; critical disagreement / adjudicated case,EP-25091/EP-25091 SD/Final SD  received on 04-02-26 from BK Gulf/ELETRICAL/PAVA/UR/R1 B/AKA-BKG-ELE-UR-SD-PAVA-00055.pdf,1,pages/c5283e6c55d0e934-p1.jpg,page1,AKA-BKG-ELE-UR-SD-PAVA-00055,01,ANN,,high,AI-drafted Golden label (v1 / v2 page labels) -- not a human signature,,,,,,,,
C0130,pilot,decision label; critical disagreement / adjudicated case,EP-25091/EP-25091 SD/PAVA/1F MZ/AKA-BKG-ELE-1M-SD-PAVA-00026.pdf,1,pages/652562917d3fb044-p1.jpg,page1,AKA-BKG-ELE-1M-SD-PAVA-00026,00,UR,,high,AI-drafted Golden label (v1 / v2 page labels) -- not a human signature,,,,,,,,
C0131,pilot,decision label; critical disagreement / adjudicated case,EP-25091/EP-25091 SD/PAVA/PAVA-UR/AKA-BKG-ELE-UR-SD-PAVA-00051.pdf,1,pages/96ff294f87e5416e-p1.jpg,page1,AKA-BKG-ELE-UR-SD-PAVA-00051,01,UR,,high,AI-drafted Golden label (v1 / v2 page labels) -- not a human signature,,,,,,,,
C0132,pilot,decision label,EP-25091/EP-25091 SD/Final SD  received on 04-02-26 from BK Gulf/ELETRICAL/FA/SCH/R2 C/AKA-BKG-ELE-FA-SD-SCH-00105.pdf,1,pages/624341e56ad32755-p1.jpg,page1,AKA-BKG-ELE-FA-SD-SCH-00105,02,rejected,,high,AI-drafted Golden label (v1 / v2 page labels) -- not a human signature,,,,,,,,
C0133,pilot,decision label,EP-25091/EP-25091 SD/Final SD  received on 04-02-26 from BK Gulf/ELETRICAL/CBS/1M/R1 B/AKA-BKG-ELE-1M-SD-CBS-00028.pdf,1,pages/ba48ba4ee4917f85-p1.jpg,page1,AKA-BKG-ELE-1M-SD-CBS-00028,01,ANN,,high,AI-drafted Golden label (v1 / v2 page labels) -- not a human signature,,,,,,,,
C0134,pilot,critical disagreement / adjudicated case,EP-25091/EP-25091 SD/PAVA/PAVA-UR/AKA-BKG-ELE-UR-SD-PAVA-00051-clouded.pdf,1,pages/a881d4ef664856a4-p1.jpg,page1,AKA-BKG-ELE-UR-SD-PAVA-00051,01,UR,,high,AI-drafted Golden label (v1 / v2 page labels) -- not a human signature,,,,,,,,
C0135,pilot,decision label,EP-25091/EP-25091 SD/FAS/SCH/AKA-BKG-ELE-FA-SD-SCH-00100.pdf,1,pages/fb848f2b2a172077-p1.jpg,page1,AKA-BKG-ELE-FA-SD-SCH-00100,02,UR,,high,AI-drafted Golden label (v1 / v2 page labels) -- not a human signature,,,,,,,,
C0136,pilot,ambiguous or low-confidence label,EP-25091/EP-25091 Calc/SPL/BASEMENT 1/B1 - ACOUSTIC ANALYSIS.pdf,1,pages/744fe463f3d59e54-p1.jpg,no-record page,absent,absent,n/a,,medium,AI-drafted Golden label (v1 / v2 page labels) -- not a human signature,,,,,,,,
C0137,pilot,ambiguous or low-confidence label,EP-25091/EP-25091 Calc/Input from BK Gulf/GM/AKA-BKG-ELE-GM-SD-PAVA-00016.pdf,1,pages/b3069451f5bb9ae2-p1.jpg,page1,AKA-BKG-ELE-GM-SD-PAVA-00016,02,UR,,medium,AI-drafted Golden label (v1 / v2 page labels) -- not a human signature,,,,,,,,
C0138,pilot,decision label,EP-25091/EP-25091 Scan/EP-25091 FA MS App.pdf,1,pages/157c9df93356dd3b-p1.jpg,page1,AKA-DCC-ELE-FA-MT-000016 R1 (MAR NO.),1 (revision date 5-Jun-24),ANN,,high,AI-drafted Golden label (v1 / v2 page labels) -- not a human signature,,,,,,,,
C0139,pilot,decision label,EP-25091/EP-25091 MS/FAS/Rev.01/EP-25091 FA Reply to CC on R0.pdf,1,pages/0392b216d849656c-p1.jpg,no-record page,absent,absent,n/a,,high,AI-drafted Golden label (v1 / v2 page labels) -- not a human signature,,,,,,,,
C0140,pilot,decision label,EP-25091/EP-25091 Calc/Consultant Comments on SPL/AKA-Acoustic Analysis for PAVA System Ground Floor R1 -commented.pdf,1,pages/64085d74bce71f29-p1.jpg,page1,AKA-DCC-ELE-PAVA-TS-000084 R1,1 (revision date 21-Feb-25),rejected,,high,AI-drafted Golden label (v1 / v2 page labels) -- not a human signature,,,,,,,,
C0141,pilot,decision label,EP-25091/EP-25091 APP/000409-R0-C.pdf,1,pages/9944a466a583086e-p1.jpg,page1,AKA-DCC-ELE-PWR-TS-000409-R0 (from the file name; the form prints TECH. SUB. NO. small: AKA-DCC-ELE-PAVA-TS-000409-R0),0 (revision date 24-Feb-25),rejected,,high,AI-drafted Golden label (v1 / v2 page labels) -- not a human signature,,,,,,,,
C0142,pilot,decision label,EP-25091/EP-25091 Transmittal/EP-25091 PAVA SB.doc,1,open the original (FileDataError),page1,TR/1292/24,absent,n/a,,high,AI-drafted Golden label (v1 / v2 page labels) -- not a human signature,,,,,,,,
C0143,pilot,critical disagreement / adjudicated case,EP-26369/Inputs/AMANA - wetransfer_l-s-zip_2024-08-02_1335/L&S/L&S/Drawing/Proper Drawings/FIRE ALARM & EMERGENCY LIGHTING/PDF/SA-H2-BEST-FA-00201.pdf,1,pages/c4e8c883c6a80bca-p1.jpg,page1,SA-H2-BEST-FA-00201,00,n/a,,high,AI-drafted Golden label (v1 / v2 page labels) -- not a human signature,,,,,,,,
C0144,pilot,ambiguous or low-confidence label,"EP-26369/Inputs/Final 1-05-2025 GF,FF,SF/GF/Finall 1-05-2025 GF,FF,SF/GF footing and column detail/PDF/F-4.pdf",1,pages/73a88a9006687b6f-p1.jpg,page1,RDJ 183-RAQ-DWG-IFC-ARC (the drawing number cell is cut: 'RDJ 183-RAQ-DWG-IFC-ARC'),A,n/a,,medium,AI-drafted Golden label (v1 / v2 page labels) -- not a human signature,,,,,,,,
C0145,pilot,ambiguous or low-confidence label,"EP-26369/Inputs/Final 1-05-2025 GF,FF,SF/GF/RDJ-183-01 GROUND FLOOR/PDF/PLAN-(5) ELEVATION & SECTION.pdf",1,pages/9f3931c3fa143ecc-p1.jpg,page1,"RDJ 183-RAQ-DWG-IFC-ARC (incomplete number, as printed)",A,n/a,,medium,AI-drafted Golden label (v1 / v2 page labels) -- not a human signature,,,,,,,,
C0146,pilot,critical disagreement / adjudicated case,EP-26369/Inputs/AMANA - wetransfer_l-s-zip_2024-08-02_1335/L&S/L&S/Drawing/General Drawings/ELECTRICAL/05. ICT/PDF/SA-H2-BEST-ICT-00100a.pdf,1,pages/aac1b6c2d2d1c3bc-p1.jpg,page1,SA-H2-BEST-ICT-00100a,00,n/a,,high,AI-drafted Golden label (v1 / v2 page labels) -- not a human signature,,,,,,,,
C0147,pilot,critical disagreement / adjudicated case,EP-26369/Inputs/AMANA - wetransfer_l-s-zip_2024-08-02_1335/L&S/L&S/Drawing/Proper Drawings/FIRE ALARM & EMERGENCY LIGHTING/PDF/SA-H2-BEST-FA-00102c.pdf,1,pages/cbce59469240ec30-p1.jpg,page1,SA-H2-BEST-FA-00102c,00,n/a,,high,AI-drafted Golden label (v1 / v2 page labels) -- not a human signature,,,,,,,,
C0148,pilot,critical disagreement / adjudicated case,EP-26369/SHOP DRAWINGS/MRO SHOP DWGS/UPDATE DWGS/MRO UPDATE -3/JAM-SD-FA-002.pdf,1,pages/410e7940797d84a9-p1.jpg,page1,JAM-SD-FA-002,07,UR,,high,AI-drafted Golden label (v1 / v2 page labels) -- not a human signature,,,,,,,,
C0149,pilot,critical disagreement / adjudicated case,EP-26369/SHOP DRAWINGS/MRO SHOP DWGS/UPDATE DWGS/MRO UPDATE -4/JAM-SD-FA-001 (LOW).pdf,1,pages/24cac3391cc1a550-p1.jpg,page1,JAM-SD-FA-001,05,UR,,high,AI-drafted Golden label (v1 / v2 page labels) -- not a human signature,,,,,,,,
C0150,pilot,ambiguous or low-confidence label,EP-26369/SHOP DRAWINGS/R1/RDJ183 FA Stamped.pdf,1,pages/7ffdf8136aa3398b-p1.jpg,sheet,JAM-SD-FA-001,01,ambiguous,fire-safety consultancy (Vortex),high,AI-drafted Golden label (v1 / v2 page labels) -- not a human signature,,,,,,,,
C0151,pilot,ambiguous or low-confidence label,EP-26369/SHOP DRAWINGS/R1/RDJ183 FA Stamped.pdf,2,pages/8068b5e886e3c4ec-p2.jpg,sheet,JAM-SD-FA-002,01,unknown,,high,AI-drafted Golden label (v1 / v2 page labels) -- not a human signature,,,,,,,,
C0152,pilot,ambiguous or low-confidence label,EP-26369/SHOP DRAWINGS/R1/RDJ183 FA Stamped.pdf,3,pages/414b3c4fd5541d00-p3.jpg,sheet,JAM-SD-FA-003,01,unknown,,medium,AI-drafted Golden label (v1 / v2 page labels) -- not a human signature,,,,,,,,
C0153,pilot,ambiguous or low-confidence label,EP-26369/SHOP DRAWINGS/R1/RDJ183 FA Stamped.pdf,4,pages/ee6fe175df06c5a5-p4.jpg,sheet,JAM-SD-FA-004,01,unknown,,high,AI-drafted Golden label (v1 / v2 page labels) -- not a human signature,,,,,,,,
C0154,pilot,ambiguous or low-confidence label,EP-26369/SHOP DRAWINGS/R1/RDJ183 FA Stamped.pdf,5,pages/1c86bb81b252ad2c-p5.jpg,sheet,JAM-SD-FA-005,01,unknown,,high,AI-drafted Golden label (v1 / v2 page labels) -- not a human signature,,,,,,,,
C0155,pilot,ambiguous or low-confidence label,EP-26369/SHOP DRAWINGS/R1/RDJ183 FA Stamped.pdf,6,pages/51450ee1231a20b0-p6.jpg,sheet,JAM-SD-FA-006,00,unknown,,high,AI-drafted Golden label (v1 / v2 page labels) -- not a human signature,,,,,,,,
C0156,pilot,ambiguous or low-confidence label,EP-26369/SHOP DRAWINGS/R1/RDJ183 FA Stamped.pdf,7,pages/f1a5bc4da115f1fa-p7.jpg,sheet,JAM-SD-FA-007,00,unknown,,medium,AI-drafted Golden label (v1 / v2 page labels) -- not a human signature,,,,,,,,
C0157,pilot,decision label,EP-26369/MS FAS/R1/RDJ183-RAQ-Naffco-MAT-008 - Material Submittal for Fire Alarm System - Status C.pdf,1,pages/e30e6323c784738f-p1.jpg,page1,RDJ183-RAQ-Naffco-MAT-008,00,rejected,,high,AI-drafted Golden label (v1 / v2 page labels) -- not a human signature,,,,,,,,
C0158,pilot,decision label,EP-26369/MS FAS/R1/MS FAS SOFTCOPY (TIM AEROSPACE) R1.pdf,4,pages/ede51fa7622737f6-p4.jpg,form,RDJ183-RAQ-Naffco-MAT-008,00,rejected,"client (TIM engineer Mubasher Ayub, 03.10.2024); consultant approval-status boxes empty",high,AI-drafted Golden label (v1 / v2 page labels) -- not a human signature,,,,,,,,
C0159,pilot,critical disagreement / adjudicated case,EP-26369/MS FAS/R1/MS FAS SOFTCOPY (TIM AEROSPACE) R1.pdf,1,pages/733b0febc0ba007e-p1.jpg,no-record page,absent,absent,n/a,,high,AI-drafted Golden label (v1 / v2 page labels) -- not a human signature,,,,,,,,
C0160,pilot,decision label,EP-26369/Approvals & Comments/RDJ183-RAQ-Naffco-MAT-008-01 - MS FAS(C).pdf,1,pages/78f1bf1ee7bb83b3-p1.jpg,page1,RDJ183-RAQ-Naffco-MAT-008-01,01,rejected,,high,AI-drafted Golden label (v1 / v2 page labels) -- not a human signature,,,,,,,,
C0161,pilot,decision label,EP-26369/SHOP DRAWINGS/AFS Comments.pdf,1,pages/a49bc78e4730faf4-p1.jpg,sheet,JAM-SD-FA-001,00,UR,"reviewer notes (AFS), no code",high,AI-drafted Golden label (v1 / v2 page labels) -- not a human signature,,,,,,,,
C0162,pilot,decision label,EP-26369/SHOP DRAWINGS/AFS Comments.pdf,2,pages/9d1c9f26d6a4d7db-p2.jpg,sheet,JAM-SD-FA-003,00,UR,,high,AI-drafted Golden label (v1 / v2 page labels) -- not a human signature,,,,,,,,
C0163,pilot,decision label,EP-26369/SHOP DRAWINGS/AFS Comments.pdf,3,pages/2fbe561877d95478-p3.jpg,sheet,JAM-SD-FA-004,00,UR,,high,AI-drafted Golden label (v1 / v2 page labels) -- not a human signature,,,,,,,,
C0164,pilot,decision label,EP-26369/SHOP DRAWINGS/AFS Comments.pdf,4,pages/63e556acd5ebf4e1-p4.jpg,sheet,JAM-SD-FA-005,00,UR,,high,AI-drafted Golden label (v1 / v2 page labels) -- not a human signature,,,,,,,,
C0165,pilot,decision label,EP-26369/MS FAS/R1/REPLY TO COMMENTS.pdf,1,pages/993d2d2ffc148981-p1.jpg,page1,RDJ183-RAQ-Naffco-MAT-008 (transmittal no.),absent,n/a,,high,AI-drafted Golden label (v1 / v2 page labels) -- not a human signature,,,,,,,,
C0166,pilot,decision label,EP-26369/EP-26369 Scan/EP-26369 DRF.pdf,1,pages/e463f439d67bd708-p1.jpg,page1,"2581 (DRF No., handwritten)",04 (form revision),n/a,,high,AI-drafted Golden label (v1 / v2 page labels) -- not a human signature,,,,,,,,
C0167,pilot,decision label,EP-19977/EP-19977 Scan Doc/EP-19977 CBS MS R2 App.pdf,1,pages/e8bfe050a3734f36-p1.jpg,page1,EBF-DCP-6374-VL-MAT-ELV-0022,02,ANN,,high,AI-drafted Golden label (v1 / v2 page labels) -- not a human signature,,,,,,,,
C0168,pilot,decision label,EP-19977/EP-19977 Scan Doc/EBF-DCP-6374-VL-O&M EM App.pdf,1,pages/ea4c03d382568a8d-p1.jpg,page1,EBF-DCP-6374-VL-O&M-ELV-0004,01,ANN,,high,AI-drafted Golden label (v1 / v2 page labels) -- not a human signature,,,,,,,,
C0169,pilot,decision label; critical disagreement / adjudicated case,EP-19977/EP-19977 Scan Doc/EP-19977 CBS MS R1 R&R.pdf,1,pages/51d76baf35e953c4-p1.jpg,form,EBF-DCP-6374-VL-MAT-ELE-0023,01,rejected,consultant (Allied) + Emaar,high,AI-drafted Golden label (v1 / v2 page labels) -- not a human signature,,,,,,,,
C0170,pilot,decision label,EP-19977/EP-19977 Scan Doc/EP-19977 CBS MS R1 R&R.pdf,2,pages/5b656dfd67cad10c-p2.jpg,comments,EBF-DCP-6374-VL-MAT-ELE-0023,01,rejected,consultant (Allied),high,AI-drafted Golden label (v1 / v2 page labels) -- not a human signature,,,,,,,,
C0171,pilot,decision label; critical disagreement / adjudicated case,EP-19977/EP-19977 Scan Doc/EP-19977 FA MS R1 App.pdf,1,pages/c203087f55196d8b-p1.jpg,form,EBF-DCP-6374-VL-MAT-ELV-0003,01,ANN,consultant (Allied) + Emaar,high,AI-drafted Golden label (v1 / v2 page labels) -- not a human signature,,,,,,,,
C0172,pilot,decision label; critical disagreement / adjudicated case,EP-19977/EP-19977 Scan Doc/EP-19977 FA MS R1 App.pdf,2,pages/77a802e045ce5a34-p2.jpg,workflow_print,EBF-DCP-6374-VL-MAT-ELV-0003,01,n/a,,high,AI-drafted Golden label (v1 / v2 page labels) -- not a human signature,,,,,,,,
C0173,pilot,decision label,EP-19977/EP-19977 Scan Doc/EP-19977 FA MS R1 App.pdf,3,pages/dbd6dc4e75cbdcd7-p3.jpg,workflow_print,EBF-DCP-6374-VL-MAT-ELV-0003,01,ANN,consultant (workflow field),high,AI-drafted Golden label (v1 / v2 page labels) -- not a human signature,,,,,,,,
C0174,pilot,decision label,EP-19977/EP-19977 Scan Doc/EP-19977 FA MS R1 App.pdf,4,pages/233dd5064cd873ed-p4.jpg,no-record page,absent,absent,n/a,,high,AI-drafted Golden label (v1 / v2 page labels) -- not a human signature,,,,,,,,
C0175,pilot,decision label,EP-19977/EP-19977 Scan Doc/EP-19977 FA MS R1 App.pdf,5,pages/5af412e04c922054-p5.jpg,no-record page,absent,absent,n/a,,high,AI-drafted Golden label (v1 / v2 page labels) -- not a human signature,,,,,,,,
C0176,pilot,decision label,EP-19977/EP-19977 Scan Doc/EP-19977 FA MS R1 App.pdf,6,pages/4fadfdd798687519-p6.jpg,no-record page,absent,absent,n/a,,high,AI-drafted Golden label (v1 / v2 page labels) -- not a human signature,,,,,,,,
C0177,pilot,decision label,EP-19977/EP-19977 Scan Doc/EP-19977 FA MS R1 App.pdf,7,pages/66dcfdb71561557d-p7.jpg,no-record page,absent,absent,n/a,,high,AI-drafted Golden label (v1 / v2 page labels) -- not a human signature,,,,,,,,
C0178,pilot,decision label,EP-19977/EP-19977 Scan Doc/EP-19977 FA & CBS Samp. B Ack.pdf,1,pages/ce820d9172157a57-p1.jpg,page1,TR/7173/20,absent,n/a,,high,AI-drafted Golden label (v1 / v2 page labels) -- not a human signature,,,,,,,,
C0179,pilot,ambiguous or low-confidence label,EP-19977/EP-19977 Scan Doc/Emergency lighting system.pdf,1,pages/56f94d89729747c1-p1.jpg,no-record page,absent,absent,n/a,,medium,AI-drafted Golden label (v1 / v2 page labels) -- not a human signature,,,,,,,,
C0180,pilot,decision label,EP-19977/EP-19977 Scan Doc/EBF-DCP-6374 O&M FAVE App.pdf,1,pages/17f3e81b5a6958ac-p1.jpg,page1,EBF-DCP-6374-VL-O&M-ELV-0003,01,ANN,,high,AI-drafted Golden label (v1 / v2 page labels) -- not a human signature,,,,,,,,
C0181,pilot,decision label,EP-19977/EP-19977 Scan Doc/EP-19977 FRC Sam. B Ack.pdf,1,pages/0e765ffd85e8e6d9-p1.jpg,page1,TR/7327/20,absent,n/a,,high,AI-drafted Golden label (v1 / v2 page labels) -- not a human signature,,,,,,,,
C0182,pilot,decision label,EP-19977/EP-19977 Scan Doc/EP-19977 DRF.pdf,1,pages/642874b3ef94a383-p1.jpg,page1,"2922 (DRF No., handwritten)",04 (form revision),n/a,,high,AI-drafted Golden label (v1 / v2 page labels) -- not a human signature,,,,,,,,
C0183,pilot,decision label,EP-19977/EP-19977 Scan Doc/EP-19977 FA MS R0 R&R.pdf,1,pages/850acc5ae8415f28-p1.jpg,form,EBF-DCP-6374-VL-MAT-ELV-0003,00,rejected,consultant (Allied) + Emaar,high,AI-drafted Golden label (v1 / v2 page labels) -- not a human signature,,,,,,,,
C0184,pilot,decision label,EP-19977/EP-19977 Scan Doc/EP-19977 FA MS R0 R&R.pdf,2,pages/af47a5c79ed0fd03-p2.jpg,workflow_print,EBF-DCP-6374-VL-MAT-ELV-0003,00,n/a,,high,AI-drafted Golden label (v1 / v2 page labels) -- not a human signature,,,,,,,,
C0185,pilot,decision label; critical disagreement / adjudicated case,EP-19977/EP-19977 Scan Doc/EP-19977 FA MS R0 R&R.pdf,3,pages/160b64a643c50ad6-p3.jpg,workflow_print,EBF-DCP-6374-VL-MAT-ELV-0003,00,rejected,consultant (workflow field),high,AI-drafted Golden label (v1 / v2 page labels) -- not a human signature,,,,,,,,
C0186,pilot,decision label,EP-19977/EP-19977 Scan Doc/EP-19977 FA MS R0 R&R.pdf,4,pages/6e8837836f1acc93-p4.jpg,no-record page,absent,absent,n/a,,high,AI-drafted Golden label (v1 / v2 page labels) -- not a human signature,,,,,,,,
C0187,pilot,decision label,EP-19977/EP-19977 Scan Doc/EP-19977 FA MS R0 R&R.pdf,5,pages/71e69313da5ffc37-p5.jpg,no-record page,absent,absent,n/a,,high,AI-drafted Golden label (v1 / v2 page labels) -- not a human signature,,,,,,,,
C0188,pilot,decision label,EP-19977/EP-19977 Scan Doc/EP-19977 FA MS R0 R&R.pdf,6,pages/b99a85b49142851e-p6.jpg,no-record page,absent,absent,n/a,,high,AI-drafted Golden label (v1 / v2 page labels) -- not a human signature,,,,,,,,
C0189,pilot,ambiguous or low-confidence label,EP-19977/EP-19977 Scan Doc/cable vendor list.pdf,1,pages/38ce5a1085057949-p1.jpg,no-record page,absent,absent,n/a,,medium,AI-drafted Golden label (v1 / v2 page labels) -- not a human signature,,,,,,,,
C0190,pilot,decision label,EP-19977/EP-19977 Scan Doc/EP-19977 Cable App.pdf,1,pages/45a834ba9a605fea-p1.jpg,page1,EBF-DCP-6374-VL-MAT-ELV-0004,00,ANN,,high,AI-drafted Golden label (v1 / v2 page labels) -- not a human signature,,,,,,,,
C0191,pilot,critical disagreement / adjudicated case,EP-19977/EP-19977 Commercial/EP-19977 CBS Quotation.pdf,1,pages/ea9d1519b8af2f08-p1.jpg,page1,EP-19977-R1 (Reference),R1,n/a,,high,AI-drafted Golden label (v1 / v2 page labels) -- not a human signature,,,,,,,,
C0192,pilot,critical disagreement / adjudicated case,EP-19977/EP-19977 Commercial/EP-19977-Var1-Voltas.pdf,1,pages/a95ed009639c4390-p1.jpg,page1,EP-19977-Var. 01 (Reference),Var. 01,n/a,,high,AI-drafted Golden label (v1 / v2 page labels) -- not a human signature,,,,,,,,
C0193,pilot,critical disagreement / adjudicated case,EP-19977/EP-19977 Commercial/EP-19977 FA Quotation R4.pdf,1,pages/3679b3cbd02b4194-p1.jpg,page1,EP - 19977 - R4-B0 (Our Ref.),R4-B0,n/a,,high,AI-drafted Golden label (v1 / v2 page labels) -- not a human signature,,,,,,,,
C0194,pilot,ambiguous or low-confidence label,EP-19977/EP-19977 Commercial/SMET QTNNICD3010.pdf,1,pages/bfe438bc00d3f2fd-p1.jpg,page1,QTN NICD 3010 (from the file name; the printed number is small),absent,n/a,,medium,AI-drafted Golden label (v1 / v2 page labels) -- not a human signature,,,,,,,,
C0195,pilot,decision label,EP-19977/Transmittal/EP-19977 Cable Sample Board.doc,1,open the original (FileDataError),page1,TR/7327/20,absent,n/a,,high,AI-drafted Golden label (v1 / v2 page labels) -- not a human signature,,,,,,,,
C0196,pilot,decision label,EP-19977/Transmittal/EP-19977 FA & CBS Sample Board.doc,1,open the original (FileDataError),page1,TR/7173/20,absent,n/a,,high,AI-drafted Golden label (v1 / v2 page labels) -- not a human signature,,,,,,,,
C0197,pilot,decision label,EP-13777/OM manual/Rev-0/Emergency Information.pdf,1,pages/a59d5c1ffbd683b5-p1.jpg,no-record page,absent,absent,n/a,,high,AI-drafted Golden label (v1 / v2 page labels) -- not a human signature,,,,,,,,
C0198,pilot,ambiguous or low-confidence label,EP-13777/C & E Matrix/Rev-3/Emaar comments/TS-5168 (C4) FM approval for Cause and Effect Matrix (1).pdf,1,pages/ca7ad29aa428d183-p1.jpg,page1,TS-5168 (C4) (from the file name),absent,unknown,,medium,AI-drafted Golden label (v1 / v2 page labels) -- not a human signature,,,,,,,,
C0199,pilot,decision label,EP-13777/OM manual/Rev-1/Reply to Comments on Rev.0.pdf,1,pages/21ded828c517323b-p1.jpg,page1,A2/A3-EEW-OMME-00015 (Reference),absent,n/a,,high,AI-drafted Golden label (v1 / v2 page labels) -- not a human signature,,,,,,,,
C0200,pilot,decision label; ambiguous or low-confidence label,EP-13777/C & E Matrix/Rev-1/Rev-0 comments/Comments.pdf,1,pages/2fb95539b30f851d-p1.jpg,no-record page,absent,absent,n/a,,medium,AI-drafted Golden label (v1 / v2 page labels) -- not a human signature,,,,,,,,
C0201,pilot,decision label,EP-13777/C & E Matrix/Rev-1/Rev-0 comments/Cause & Effect Matrix Write Up Sequence Fire Alarm and Voice Evacuation System.pdf,1,pages/733d2709c2e7dc52-p1.jpg,page1,IM/A2A3/RR/sm/AAR/016 (sender's reference),absent,rejected,,high,AI-drafted Golden label (v1 / v2 page labels) -- not a human signature,,,,,,,,
C0202,pilot,decision label; critical disagreement / adjudicated case,EP-13777/C & E Matrix/Rev-1/Rev-0 comments/TAV-TN-009782 (1).pdf,1,pages/78571a79da44dd93-p1.jpg,page1,TAVC-TRANSMIT-009782 (mail number); K&A-WTRAN-017671 (reference number),absent,rejected,,high,AI-drafted Golden label (v1 / v2 page labels) -- not a human signature,,,,,,,,
C0203,pilot,decision label,EP-13777/Approval Documents/AAR-001 Commented Material Submittal- Fire Alarm System & Voice Evacuation System (1).pdf,3,pages/a01313c9b3587fd9-p3.jpg,attached_submission,A23-EFE-MAT-E-00033,01,ANN,"engineer (K&A, Musa, 24/6/2018)",high,AI-drafted Golden label (v1 / v2 page labels) -- not a human signature,,,,,,,,
C0204,pilot,decision label,EP-13777/Approval Documents/AAR-001 Commented Material Submittal- Fire Alarm System & Voice Evacuation System (1).pdf,4,pages/4129ad76df2ace06-p4.jpg,form,A23-EFE-MAT-E-00033,01,n/a,,high,AI-drafted Golden label (v1 / v2 page labels) -- not a human signature,,,,,,,,
C0205,pilot,decision label; critical disagreement / adjudicated case,EP-13777/Approval Documents/AAR-001 Commented Material Submittal- Fire Alarm System & Voice Evacuation System (1).pdf,1,pages/8cb15eb480b446af-p1.jpg,no-record page,absent,absent,n/a,,high,AI-drafted Golden label (v1 / v2 page labels) -- not a human signature,,,,,,,,
C0206,pilot,decision label,EP-13777/Approval Documents/AAR-001 Commented Material Submittal- Fire Alarm System & Voice Evacuation System (1).pdf,2,pages/334ca05d29bf1732-p2.jpg,no-record page,absent,absent,n/a,,high,AI-drafted Golden label (v1 / v2 page labels) -- not a human signature,,,,,,,,
C0207,pilot,decision label; ambiguous or low-confidence label,EP-13777/Correspondance/Sent/L01 Comments.pdf,1,pages/ee66d8c5791b0029-p1.jpg,no-record page,absent,absent,n/a,,medium,AI-drafted Golden label (v1 / v2 page labels) -- not a human signature,,,,,,,,
C0208,pilot,decision label,"EP-13777/OM manual/Rev-1/A23-EEW-OMM-E-00015, Rev.00 Comments.pdf",1,pages/2b6057a7ecc9f677-p1.jpg,page1,A23-EEW-OMM-E-00015,00,rejected,,high,AI-drafted Golden label (v1 / v2 page labels) -- not a human signature,,,,,,,,
C0209,pilot,decision label,EP-13777/C & E Matrix/Approved matrix/A23-EFE-TSB-E-00058 R1 (3) (1).pdf,1,pages/33188603bcdae2ae-p1.jpg,page1,A23-EFE-TSB-E-00058,01,ANN,,high,AI-drafted Golden label (v1 / v2 page labels) -- not a human signature,,,,,,,,
C0210,pilot,decision label; ambiguous or low-confidence label,EP-13777/Approval Documents/A23-EFECO-PQS-MEP-00009 Fire Alarm System - Al Arabia .pdf,1,pages/56646ac409d757e7-p1.jpg,page1,A23-EFECO-PQS-MEP-00009,01 (medium confidence; rotated),ANN,,medium,AI-drafted Golden label (v1 / v2 page labels) -- not a human signature,,,,,,,,
C0211,pilot,decision label; critical disagreement / adjudicated case,EP-13777/Approval Documents/TAV-TN-000731.pdf,1,pages/c2b54cc0ebedea1c-p1.jpg,page1,TAVC-TRANSMIT-000731 (mail number); K&A-WTRAN-000913,absent,ANN,,high,AI-drafted Golden label (v1 / v2 page labels) -- not a human signature,,,,,,,,
C0212,pilot,decision label; ambiguous or low-confidence label,EP-13777/Approval Documents/Approval MS.pdf,1,pages/86c5f0bfc66bb376-p1.jpg,page1,"A23-EFE-MAT-E-00033 (Ref. No., faint; medium confidence)",01 (faint),ANN,,medium,AI-drafted Golden label (v1 / v2 page labels) -- not a human signature,,,,,,,,
C0213,pilot,decision label; ambiguous or low-confidence label,EP-13777/Approval Documents/A23-EFE-MAT-E-00033  Fire Alarm System - B.pdf,1,pages/7d2572112513d80d-p1.jpg,form,A23-EFE-MAT-E-00033,00,n/a,,medium,AI-drafted Golden label (v1 / v2 page labels) -- not a human signature,,,,,,,,
C0214,pilot,decision label; ambiguous or low-confidence label,EP-13777/Approval Documents/A23-EFE-MAT-E-00033  Fire Alarm System - B.pdf,2,pages/43bce4504818d230-p2.jpg,form,A23-EFE-MAT-E-00033,00,ANN,"engineer (K&A, Musa, 3/6/2018)",medium,AI-drafted Golden label (v1 / v2 page labels) -- not a human signature,,,,,,,,
C0215,pilot,decision label; critical disagreement / adjudicated case; ambiguous or low-confidence label,EP-13777/Approval Documents/A23-EFE-MAT-E-00033  Fire Alarm System - B.pdf,4,pages/8bbbf958700479c7-p4.jpg,workflow_print,A23-EFECO-MAT-E-00033,0,n/a,,medium,AI-drafted Golden label (v1 / v2 page labels) -- not a human signature,,,,,,,,
C0216,pilot,decision label; ambiguous or low-confidence label,EP-13777/Approval Documents/A23-EFE-MAT-E-00033  Fire Alarm System - B.pdf,5,pages/017fe4476611079f-p5.jpg,workflow_print,A23-EFECO-MAT-E-00033,0,ANN,employer's representative (workflow field),medium,AI-drafted Golden label (v1 / v2 page labels) -- not a human signature,,,,,,,,
C0217,pilot,decision label; critical disagreement / adjudicated case; ambiguous or low-confidence label,EP-13777/Approval Documents/A23-EFE-MAT-E-00033  Fire Alarm System - B.pdf,3,pages/bd29c7d819cf3046-p3.jpg,no-record page,absent,absent,n/a,,low,AI-drafted Golden label (v1 / v2 page labels) -- not a human signature,,,,,,,,
C0218,pilot,decision label; ambiguous or low-confidence label,EP-13777/Approval Documents/A23-EFE-MAT-E-00033  Fire Alarm System - B.pdf,6,pages/68737b9e8551cdd6-p6.jpg,no-record page,absent,absent,n/a,,low,AI-drafted Golden label (v1 / v2 page labels) -- not a human signature,,,,,,,,
C0219,pilot,decision label; ambiguous or low-confidence label,EP-13777/Approval Documents/A23-EFE-MAT-E-00033  Fire Alarm System - B.pdf,7,pages/da62dfaee94ded6c-p7.jpg,no-record page,absent,absent,n/a,,low,AI-drafted Golden label (v1 / v2 page labels) -- not a human signature,,,,,,,,
C0220,pilot,decision label; critical disagreement / adjudicated case,EP-13777/C & E Matrix/Approved matrix/TAV-TN-011156 (1).pdf,1,pages/91c4d1aec0214727-p1.jpg,page1,TAVC-TRANSMIT-011156 (mail number); K&A-WTRAN-020525,absent,ANN,,high,AI-drafted Golden label (v1 / v2 page labels) -- not a human signature,,,,,,,,
C0221,pilot,critical disagreement / adjudicated case,"EP-26082/EP-26082 INPUTS/TENDER DWGS/OneDrive_2024-08-23 9 (BEL POOL)/78-80_BELLAGIO POOL/78 OF 96_ARCH, STRUC, LSCAPE, SIGNAGE, FLS/D. LANDSCAPE/345-LA-SS-5A-20002.pdf",1,pages/0650252ca9aae3b2-p1.jpg,page1,345-LA-SS-5A-20002,E,n/a,,high,AI-drafted Golden label (v1 / v2 page labels) -- not a human signature,,,,,,,,
C0222,pilot,critical disagreement / adjudicated case,EP-26082/EP-26082 INPUTS/TENDER DWGS/OneDrive_2024-08-23 4 (BEL)/34-44_BELLAGIO HOTEL/44 OF 96_LANDSCAPE-INFRASTRUCTURE/B. INFRASTRUCTURE/R1029-18-AUR-DWG-GFL-PUA-INF-53001-PDF (D) - BELLAGIO.pdf,1,pages/d513641371a26448-p1.jpg,page1,R1029-18-AUR-DWG-GFL-PUA-INF-53001,D,n/a,,high,AI-drafted Golden label (v1 / v2 page labels) -- not a human signature,,,,,,,,
C0223,pilot,critical disagreement / adjudicated case,EP-26082/EP-26082 INPUTS/IFC DOC/OneDrive_2024-08-17/Dwgs/IBA IFC DWGS/FA & EM (CENT ENT)/PDF/R1029-16-IBA-DWG-L01-FAS-1231-PDF [0].pdf,1,pages/9012456f4d9e0087-p1.jpg,page1,R1029-16-IBA-DWG-L01-FAS-1231,0,n/a,,high,AI-drafted Golden label (v1 / v2 page labels) -- not a human signature,,,,,,,,
C0224,pilot,critical disagreement / adjudicated case,EP-26082/EP-26082 INPUTS/TENDER DWGS/MGM/04-21_MGM HOTEL/09 OF 96_MEP - MGM 2 ELECTRICAL ELV/R1029-08-IFS-DWG-L07-ICT-1207.pdf,1,pages/20ec1badbe8eaeb7-p1.jpg,page1,R1029-08-IFS-DWG-L07-ICT-1207,C,n/a,,high,AI-drafted Golden label (v1 / v2 page labels) -- not a human signature,,,,,,,,
C0225,pilot,critical disagreement / adjudicated case,EP-26082/EP-26082 INPUTS/TENDER DWGS/OneDrive_2024-08-23 4 (BEL)/34-44_BELLAGIO HOTEL/44 OF 96_LANDSCAPE-INFRASTRUCTURE/A. LANDSCAPE/345-LA-HS-5C-11000.pdf,1,pages/b73c4df87904e83e-p1.jpg,page1,345-LA-HS-5C-11000,G,n/a,,high,AI-drafted Golden label (v1 / v2 page labels) -- not a human signature,,,,,,,,
C0226,pilot,critical disagreement / adjudicated case,EP-26082/EP-26082 INPUTS/TENDER DWGS/MGM/04-21_MGM HOTEL/14 OF 96_INTERIOR DESIGN - HOTEL ROOMS/R1029-07-W&A-DWG-TYP-GRO-INT-9011-01-PDF-A.pdf,1,pages/3e4e89ffa0c633c4-p1.jpg,page1,R1029-07-W&A-DWG-TYP-GRO-INT-9011-01,A,n/a,,high,AI-drafted Golden label (v1 / v2 page labels) -- not a human signature,,,,,,,,
C0227,pilot,critical disagreement / adjudicated case,EP-26082/EP-26082 INPUTS/TENDER DWGS/MGM/04-21_MGM HOTEL/16 OF 96_INTERIOR DESIGN - PUBLIC LEVELS/R1029-08-W&A-DWG-L05-PUA-INT-3250-PDF-B.pdf,1,pages/11b5d15c0fbb99ba-p1.jpg,page1,R1029-08-W&A-DWG-L05-PUA-INT-3250,B,n/a,,high,AI-drafted Golden label (v1 / v2 page labels) -- not a human signature,,,,,,,,
C0228,pilot,decision label; critical disagreement / adjudicated case,EP-26082/BOQ/SD/FAVE/M1/APP/R1029-CSCEC-MEP-SD-MGM1-L01-FAS-1201.pdf,1,pages/c8ea7ef39d5f234d-p1.jpg,page1,R1029-CSCEC-MEP-SD-MGM1-L01-FAS-1201,02,ANN,,high,AI-drafted Golden label (v1 / v2 page labels) -- not a human signature,,,,,,,,
C0229,pilot,critical disagreement / adjudicated case,EP-26082/EP-26082 INPUTS/TENDER DWGS/MGM/04-21_MGM HOTEL/16 OF 96_INTERIOR DESIGN - PUBLIC LEVELS/R1029-07-W&A-DWG-L05-PUA-INT-3114-PDF-E.pdf,1,pages/4b2e4da6f52cddb2-p1.jpg,page1,R1029-07-W&A-DWG-L05-PUA-INT-3114,E,n/a,,high,AI-drafted Golden label (v1 / v2 page labels) -- not a human signature,,,,,,,,
C0230,pilot,critical disagreement / adjudicated case,EP-26082/EP-26082 INPUTS/TENDER DWGS/MGM/04-21_MGM HOTEL/15 OF 96_INTERIOR DESIGN - SERVICED APARTMENTS/R1029-08-W&A-DWG-L14-GRO-INT-4315-01-PDF-B.pdf,1,pages/8156d02ce8d1141c-p1.jpg,page1,R1029-08-W&A-DWG-L14-GRO-INT-4315-01 (municipality A-00-0000),B,n/a,,high,AI-drafted Golden label (v1 / v2 page labels) -- not a human signature,,,,,,,,
C0231,pilot,decision label; critical disagreement / adjudicated case,EP-26082/SD/FAVE/MGM1/AB/L8/R1029-CSCEC-MEP-SD-MGM1-L08-FAS-1208.pdf,1,pages/ae043d73ff58c3b1-p1.jpg,page1,R1029-CSCEC-MEP-SD-MGM1-L08-FAS-1208,AB,UR,,high,AI-drafted Golden label (v1 / v2 page labels) -- not a human signature,,,,,,,,
C0232,pilot,critical disagreement / adjudicated case,EP-26082/PRESENTATION/Sch/FAVE/R1029-01-IBA-DWG-ALL-FAS-6601-PDF [0].pdf,1,pages/b8e4b3882a5cf5f0-p1.jpg,page1,R1029-01-IBA-DWG-ALL-FAS-6601 (municipality FA-01-001),0,n/a,,high,AI-drafted Golden label (v1 / v2 page labels) -- not a human signature,,,,,,,,
C0233,pilot,decision label; critical disagreement / adjudicated case,EP-26082/SD/APP SD/FAVE/M1/R1029-CSCEC-MEP-SD-MGM1-B01-FAS-1199 rev.02.pdf,1,pages/83e4cf500c62c786-p1.jpg,page1,R1029-CSCEC-MEP-SD-MGM1-B01-FAS-1199,02,ANN,,high,AI-drafted Golden label (v1 / v2 page labels) -- not a human signature,,,,,,,,
C0234,pilot,decision label; critical disagreement / adjudicated case,EP-26082/SD/CBS/P & B/Rev.00/GF/R1029-CSCEC-MEP-SD-P&B-GFL-EML-1220-01.pdf,1,pages/940f3ff54e63837c-p1.jpg,page1,R1029-CSCEC-MEP-SD-P&B-GFL-EML-1220-01,00,UR,,high,AI-drafted Golden label (v1 / v2 page labels) -- not a human signature,,,,,,,,
C0235,pilot,decision label,EP-26082/SD/CBS/MGM1/Rev.02/L8/R1029-CSCEC-MEP-SD-MGM1-L8-EML-1208-01.pdf,1,pages/193324bd2e625be7-p1.jpg,page1,R1029-CSCEC-MEP-SD-MGM1-L8-EML-1208-01,02,UR,,high,AI-drafted Golden label (v1 / v2 page labels) -- not a human signature,,,,,,,,
C0236,pilot,critical disagreement / adjudicated case; ambiguous or low-confidence label,"EP-26082/EP-26082 INPUTS/DCD/DCD App (CE,Aria ,Bellagio & MGM-2/DCD Approved Drawing (CE, Aria, Bellagio & MGM 2)/DCD APPROVAL FOR BELLAGIO/revised_gas_bellagio_part1xiba1741941453483 (1).pdf",1,pages/cd60b254660e583e-p1.jpg,sheet,R1029-05-IBA-DWG-GFL-GAS-1200,B,n/a,authority (DCD stamp),medium,AI-drafted Golden label (v1 / v2 page labels) -- not a human signature,,,,,,,,
C0237,pilot,critical disagreement / adjudicated case; ambiguous or low-confidence label,"EP-26082/EP-26082 INPUTS/DCD/DCD App (CE,Aria ,Bellagio & MGM-2/DCD Approved Drawing (CE, Aria, Bellagio & MGM 2)/DCD APPROVAL FOR BELLAGIO/revised_gas_bellagio_part1xiba1741941453483 (1).pdf",2,pages/f72f99ba4910a2da-p2.jpg,sheet,R1029-05-IBA-DWG-L01-GAS-1201,B,n/a,authority (DCD stamp),medium,AI-drafted Golden label (v1 / v2 page labels) -- not a human signature,,,,,,,,
C0238,pilot,critical disagreement / adjudicated case; ambiguous or low-confidence label,"EP-26082/EP-26082 INPUTS/DCD/DCD App (CE,Aria ,Bellagio & MGM-2/DCD Approved Drawing (CE, Aria, Bellagio & MGM 2)/DCD APPROVAL FOR BELLAGIO/revised_gas_bellagio_part1xiba1741941453483 (1).pdf",3,pages/be59685b33dfbb93-p3.jpg,sheet,R1029-05-IBA-DWG-L05-GAS-1205,A,n/a,authority (DCD stamp),medium,AI-drafted Golden label (v1 / v2 page labels) -- not a human signature,,,,,,,,
C0239,pilot,critical disagreement / adjudicated case; ambiguous or low-confidence label,"EP-26082/EP-26082 INPUTS/DCD/DCD App (CE,Aria ,Bellagio & MGM-2/DCD Approved Drawing (CE, Aria, Bellagio & MGM 2)/DCD APPROVAL FOR BELLAGIO/revised_gas_bellagio_part1xiba1741941453483 (1).pdf",4,pages/f4c97da15ed23e37-p4.jpg,sheet,R1029-05-IBA-DWG-L06-GAS-1206,A,n/a,authority (DCD stamp),medium,AI-drafted Golden label (v1 / v2 page labels) -- not a human signature,,,,,,,,
C0240,pilot,critical disagreement / adjudicated case; ambiguous or low-confidence label,"EP-26082/EP-26082 INPUTS/DCD/DCD App (CE,Aria ,Bellagio & MGM-2/DCD Approved Drawing (CE, Aria, Bellagio & MGM 2)/DCD APPROVAL FOR BELLAGIO/revised_gas_bellagio_part1xiba1741941453483 (1).pdf",5,pages/6c8be4ef142c54fe-p5.jpg,sheet,R1029-05-IBA-DWG-L07-GAS-1207,A,n/a,authority (DCD stamp),medium,AI-drafted Golden label (v1 / v2 page labels) -- not a human signature,,,,,,,,
C0241,pilot,critical disagreement / adjudicated case; ambiguous or low-confidence label,"EP-26082/EP-26082 INPUTS/DCD/DCD App (CE,Aria ,Bellagio & MGM-2/DCD Approved Drawing (CE, Aria, Bellagio & MGM 2)/DCD APPROVAL FOR BELLAGIO/revised_gas_bellagio_part1xiba1741941453483 (1).pdf",6,pages/5bdf331105b5901b-p6.jpg,sheet,R1029-05-IBA-DWG-L08-GAS-1208,A,n/a,authority (DCD stamp),medium,AI-drafted Golden label (v1 / v2 page labels) -- not a human signature,,,,,,,,
C0242,pilot,critical disagreement / adjudicated case; ambiguous or low-confidence label,"EP-26082/EP-26082 INPUTS/DCD/DCD App (CE,Aria ,Bellagio & MGM-2/DCD Approved Drawing (CE, Aria, Bellagio & MGM 2)/DCD APPROVAL FOR BELLAGIO/revised_gas_bellagio_part1xiba1741941453483 (1).pdf",7,pages/8f78656ba6715821-p7.jpg,sheet,R1029-05-IBA-DWG-L09-GAS-1209,A,n/a,authority (DCD stamp),medium,AI-drafted Golden label (v1 / v2 page labels) -- not a human signature,,,,,,,,
C0243,pilot,critical disagreement / adjudicated case; ambiguous or low-confidence label,"EP-26082/EP-26082 INPUTS/DCD/DCD App (CE,Aria ,Bellagio & MGM-2/DCD Approved Drawing (CE, Aria, Bellagio & MGM 2)/DCD APPROVAL FOR BELLAGIO/revised_gas_bellagio_part1xiba1741941453483 (1).pdf",8,pages/9eac5a62f5845497-p8.jpg,sheet,R1029-05-IBA-DWG-L10-GAS-1210,A,n/a,authority (DCD stamp),medium,AI-drafted Golden label (v1 / v2 page labels) -- not a human signature,,,,,,,,
C0244,pilot,critical disagreement / adjudicated case; ambiguous or low-confidence label,"EP-26082/EP-26082 INPUTS/DCD/DCD App (CE,Aria ,Bellagio & MGM-2/DCD Approved Drawing (CE, Aria, Bellagio & MGM 2)/DCD APPROVAL FOR BELLAGIO/revised_gas_bellagio_part1xiba1741941453483 (1).pdf",9,pages/8f171daed83c545e-p9.jpg,sheet,R1029-05-IBA-DWG-B01-GAS-1199,B,n/a,authority (DCD stamp),medium,AI-drafted Golden label (v1 / v2 page labels) -- not a human signature,,,,,,,,
C0245,pilot,critical disagreement / adjudicated case; ambiguous or low-confidence label,EP-26082/EP-26082 MOM/L0749-Minutes of Weekly MEP Meeting No. 020 - Final Issuance.pdf,1,pages/b28708dbf3c90abf-p1.jpg,page1,L0749 (from the file name),absent,n/a,,medium,AI-drafted Golden label (v1 / v2 page labels) -- not a human signature,,,,,,,,
C0246,pilot,ambiguous or low-confidence label,EP-26082/SD/FAVE/MGM1/Rev.02/B2/Previous comment/2024.09.04 - MEP-SHD-EL-0008-Rev.01-MGM1 Basement 02 Fire Alarm & Detection layout_Status-C.pdf,1,open the original (EmptyFileError),page1,unlabelled,unlabelled,unlabelled,,n/a (unreadable original),AI-drafted Golden label (v1 / v2 page labels) -- not a human signature,,,,,,,,
C0247,pilot,decision label,EP-26082/TRANSMITTAL/EP-26082 Sam CBS Teknoware.doc,1,open the original (FileDataError),page1,TR/1932/25,absent,n/a,,high,AI-drafted Golden label (v1 / v2 page labels) -- not a human signature,,,,,,,,
C0248,pilot,decision label,EP-26082/TRANSMITTAL/EP-26082 Sam B FA.doc,1,open the original (FileDataError),page1,TR/1774/24,absent,n/a,,high,AI-drafted Golden label (v1 / v2 page labels) -- not a human signature,,,,,,,,
C0249,pilot,decision label,EP-26082/EP-26082 SCAN DOC/R1029-CSCEC-MEP-RFI-EL-0015-01.pdf,1,pages/f2c5b8f6d3427491-p1.jpg,page1,R1029-CSCEC-MEP-EL-0015-Rev. 01 (Request for Information #),01,n/a,,high,AI-drafted Golden label (v1 / v2 page labels) -- not a human signature,,,,,,,,
C0250,pilot,decision label; critical disagreement / adjudicated case,EP-26082/EP-26082 SCAN DOC/R1029-CSM-CO-ELV-EL-MTG-PJW-ZZZ-ZZZ-1020-01_CODE C.pdf,1,pages/3e6babf002dbaece-p1.jpg,tag,R1029-CSM-CO-ELV-EL-MTG-PJW-ZZZ-ZZZ-1020,01,rejected,engineer (IBA),high,AI-drafted Golden label (v1 / v2 page labels) -- not a human signature,,,,,,,,
C0251,pilot,decision label; critical disagreement / adjudicated case,EP-26082/EP-26082 SCAN DOC/R1029-CSM-CO-ELV-EL-MTG-PJW-ZZZ-ZZZ-1020-01_CODE C.pdf,6,pages/925c80cd05dea82e-p6.jpg,tag,R1029-CSM-CO-ELV-EL-MTG-PJW-ZZZ-ZZZ-1020,00,ANN,engineer (IBA),high,AI-drafted Golden label (v1 / v2 page labels) -- not a human signature,,,,,,,,
C0252,pilot,decision label,EP-26082/EP-26082 SCAN DOC/R1029-CSM-CO-ELV-EL-MTG-PJW-ZZZ-ZZZ-1020-01_CODE C.pdf,9,pages/30f736d285d613f4-p9.jpg,reply,R1029-CSM-CO-ELV-EL-MTG-PJW-ZZZ-ZZZ-1004,03 ('REV 03' as printed),n/a,contractor (Al Arabia),high,AI-drafted Golden label (v1 / v2 page labels) -- not a human signature,,,,,,,,
C0253,pilot,decision label,EP-26082/EP-26082 SCAN DOC/R1029-CSM-CO-ELV-EL-MTG-PJW-ZZZ-ZZZ-1020-01_CODE C.pdf,2,pages/39f92c628ae0cb75-p2.jpg,no-record page,absent,absent,n/a,,high,AI-drafted Golden label (v1 / v2 page labels) -- not a human signature,,,,,,,,
C0254,pilot,decision label,EP-26082/EP-26082 SCAN DOC/R1029-CSM-CO-ELV-EL-MTG-PJW-ZZZ-ZZZ-1020-01_CODE C.pdf,3,pages/d64a34148cc576b5-p3.jpg,no-record page,absent,absent,n/a,,high,AI-drafted Golden label (v1 / v2 page labels) -- not a human signature,,,,,,,,
C0255,pilot,decision label,EP-26082/EP-26082 SCAN DOC/R1029-CSM-CO-ELV-EL-MTG-PJW-ZZZ-ZZZ-1020-01_CODE C.pdf,4,pages/faf56da13097a5ef-p4.jpg,no-record page,absent,absent,n/a,,high,AI-drafted Golden label (v1 / v2 page labels) -- not a human signature,,,,,,,,
C0256,pilot,decision label,EP-26082/EP-26082 SCAN DOC/R1029-CSM-CO-ELV-EL-MTG-PJW-ZZZ-ZZZ-1020-01_CODE C.pdf,5,pages/52fa519bd45a3583-p5.jpg,no-record page,absent,absent,n/a,,high,AI-drafted Golden label (v1 / v2 page labels) -- not a human signature,,,,,,,,
C0257,pilot,decision label,EP-26082/EP-26082 SCAN DOC/R1029-CSM-CO-ELV-EL-MTG-PJW-ZZZ-ZZZ-1020-01_CODE C.pdf,7,pages/671f5017b3601a66-p7.jpg,no-record page,absent,absent,n/a,,high,AI-drafted Golden label (v1 / v2 page labels) -- not a human signature,,,,,,,,
C0258,pilot,decision label,EP-26082/EP-26082 SCAN DOC/R1029-CSM-CO-ELV-EL-MTG-PJW-ZZZ-ZZZ-1020-01_CODE C.pdf,8,pages/9dbff3e15faf7ac0-p8.jpg,no-record page,absent,absent,n/a,,high,AI-drafted Golden label (v1 / v2 page labels) -- not a human signature,,,,,,,,
C0259,pilot,decision label,EP-26082/EP-26082 SCAN DOC/R1029-CSM-CO-ELV-EL-MTG-PJW-ZZZ-ZZZ-1020-01_CODE C.pdf,10,pages/aa729113ba01f969-p10.jpg,no-record page,absent,absent,n/a,,high,AI-drafted Golden label (v1 / v2 page labels) -- not a human signature,,,,,,,,
C0260,pilot,decision label,EP-26082/EP-26082 SCAN DOC/R1029-CSM-CO-ELV-EL-MTG-PJW-ZZZ-ZZZ-1020-01_CODE C.pdf,11,pages/3040327d4497bcfd-p11.jpg,no-record page,absent,absent,n/a,,high,AI-drafted Golden label (v1 / v2 page labels) -- not a human signature,,,,,,,,
C0261,pilot,critical disagreement / adjudicated case; ambiguous or low-confidence label,EP-14119/EP-14119 Commercial/EP-14119 LPO.pdf,1,pages/46e16cad3602ed1a-p1.jpg,page1,"LPO/1050000159 (Doc No., small; medium confidence)",absent,n/a,,medium,AI-drafted Golden label (v1 / v2 page labels) -- not a human signature,,,,,,,,
C0262,pilot,decision label,EP-14119/EP-14119 Scan Doc/EP-14119 DRF.pdf,1,pages/ab975ddcb321a408-p1.jpg,page1,"2941 (DRF No., handwritten)",04 (form revision),n/a,,high,AI-drafted Golden label (v1 / v2 page labels) -- not a human signature,,,,,,,,
C0263,pilot,decision label,EP-14119/EP-14119 Scan Doc/EP-14119 VE T&C Ack.pdf,1,pages/613fab4f120f6cc9-p1.jpg,no-record page,absent,absent,n/a,,high,AI-drafted Golden label (v1 / v2 page labels) -- not a human signature,,,,,,,,
C0264,holdout,decision label,EP-19138/EP-19138 - Scan Documents/EP-19138 T&C Ack.pdf,1,pages/652285c1250fb150-p1.jpg,no-record page,absent,absent,n/a,,high,AI-drafted Golden label (v1 / v2 page labels) -- not a human signature,,,,,,,,
C0265,holdout,decision label,EP-28569/EP-28569 ELV/EP-28569 Scan/EP-28569 SCS MS R1 Ack 24.02.25.pdf,1,pages/fcb5f11b9d9b0a47-p1.jpg,transmittal,TR/1995/25,absent,n/a,,high,AI-drafted Golden label (v1 / v2 page labels) -- not a human signature,,,,,,,,
C0266,holdout,decision label; ambiguous or low-confidence label,EP-28569/EP-28569 ELV/Consultant approval/MTS-E-0018-R01-B.pdf,1,pages/f17cb1f15446268b-p1.jpg,submittal form,MTS-E-0018,01,ANN,,medium,AI-drafted Golden label (v1 / v2 page labels) -- not a human signature,,,,,,,,
C0267,holdout,decision label,EP-28569/EP-28569 ELV/Consultant approval/MTS-E-0018-R01-B.pdf,2,pages/152aaefaa9fe955e-p2.jpg,package cover,EP-27282/MA/TEL/201,01,n/a,,high,AI-drafted Golden label (v1 / v2 page labels) -- not a human signature,,,,,,,,
C0268,holdout,decision label,EP-28569/EP-28569 ELV/Consultant approval/MTS-E-0018-R01-B.pdf,3,pages/f00b59419d465ece-p3.jpg,previous revision form carried in the package,MTS-E-0018,00,rejected,,high,AI-drafted Golden label (v1 / v2 page labels) -- not a human signature,,,,,,,,
C0269,holdout,decision label,EP-28569/EP-28569 ELV/Consultant approval/MTS-E-0018-R01-B.pdf,4,pages/f40d292809284473-p4.jpg,contractor's reply table to Rev 00 comments,NG/LGC/C&M/07/2024/34-MTS-E-0018,absent,n/a,,high,AI-drafted Golden label (v1 / v2 page labels) -- not a human signature,,,,,,,,
C0270,holdout,decision label; ambiguous or low-confidence label,EP-28569/EP-28569 ELV/Consultant approval/MTS-E-0018-R01-B.pdf,5,pages/eb14c230c9331b99-p5.jpg,no-record page,absent,absent,n/a,,medium,AI-drafted Golden label (v1 / v2 page labels) -- not a human signature,,,,,,,,
C0271,holdout,decision label; ambiguous or low-confidence label,EP-28569/EP-28569 ELV/Consultant approval/MTS-E-0018-R01-B.pdf,6,pages/813d87b90ffb3602-p6.jpg,no-record page,absent,absent,n/a,,medium,AI-drafted Golden label (v1 / v2 page labels) -- not a human signature,,,,,,,,
C0272,holdout,decision label; ambiguous or low-confidence label,EP-28569/EP-28569 ELV/Consultant approval/MTS-E-0018-R01-B.pdf,7,pages/9f64eaf5ed04a7b0-p7.jpg,no-record page,absent,absent,n/a,,medium,AI-drafted Golden label (v1 / v2 page labels) -- not a human signature,,,,,,,,
C0273,holdout,decision label; ambiguous or low-confidence label,EP-28569/EP-28569 ELV/Consultant approval/MTS-E-0018-R01-B.pdf,8,pages/78ab373af561c4ff-p8.jpg,no-record page,absent,absent,n/a,,medium,AI-drafted Golden label (v1 / v2 page labels) -- not a human signature,,,,,,,,
C0274,holdout,decision label; ambiguous or low-confidence label,EP-28569/EP-28569 ELV/Consultant approval/MTS-E-0018-R01-B.pdf,9,pages/702e1b5fb7bfe6a2-p9.jpg,no-record page,absent,absent,n/a,,medium,AI-drafted Golden label (v1 / v2 page labels) -- not a human signature,,,,,,,,
C0275,holdout,decision label; ambiguous or low-confidence label,EP-28569/EP-28569 ELV/Consultant approval/MTS-E-0018-R01-B.pdf,10,pages/6e9b9d3a7ee53f1c-p10.jpg,no-record page,absent,absent,n/a,,medium,AI-drafted Golden label (v1 / v2 page labels) -- not a human signature,,,,,,,,
C0276,holdout,decision label; ambiguous or low-confidence label,EP-28569/EP-28569 ELV/Consultant approval/MTS-E-0018-R01-B.pdf,11,pages/a469cfc18937fd73-p11.jpg,no-record page,absent,absent,n/a,,medium,AI-drafted Golden label (v1 / v2 page labels) -- not a human signature,,,,,,,,
C0277,holdout,decision label; ambiguous or low-confidence label,EP-28569/EP-28569 ELV/Consultant approval/MTS-E-0018-R01-B.pdf,12,pages/1fb2923cc072abfb-p12.jpg,no-record page,absent,absent,n/a,,medium,AI-drafted Golden label (v1 / v2 page labels) -- not a human signature,,,,,,,,
C0278,holdout,decision label,EP-28569/EP-28569 ELV/EP-28569 MS/SCS/Leviton/Sent/R1/Consultant comments.pdf,1,pages/638256fa27368d20-p1.jpg,submittal form,MTS-E-0018,00,rejected,,high,AI-drafted Golden label (v1 / v2 page labels) -- not a human signature,,,,,,,,
C0279,holdout,decision label,EP-28569/EP-28569 ELV/Transmittal/EP-28659 SCS CCTV & ACS MS R0.docx,1,pages/e0bd95c5241c737a-p1.jpg,page1,TR/1785/24,absent,n/a,,high,AI-drafted Golden label (v1 / v2 page labels) -- not a human signature,,,,,,,,
C0280,holdout,decision label,EP-28569/EP-28569 FAS/Transmittal/EP-28659 FA & EML MS R0.docx,1,pages/f05bf6aeac527e8d-p1.jpg,page1,TR/1733/24,absent,n/a,,high,AI-drafted Golden label (v1 / v2 page labels) -- not a human signature,,,,,,,,
C0281,holdout,decision label,EP-8430/EP-8430 Scan Doc/EP-8430 PAVA MS R.0 Ack..pdf,1,pages/cab07f64649139db-p1.jpg,transmittal,TR/0897/17,absent,n/a,,high,AI-drafted Golden label (v1 / v2 page labels) -- not a human signature,,,,,,,,
C0282,holdout,decision label; critical disagreement / adjudicated case; ambiguous or low-confidence label,EP-8430/Approval and Comments/PAVA MS Comments.pdf,1,pages/8106a2d77584615c-p1.jpg,review form (method statement),D15015-0200S-FS-EL-MS-0022,00,rejected,,medium,AI-drafted Golden label (v1 / v2 page labels) -- not a human signature,,,,,,,,
C0283,holdout,critical disagreement / adjudicated case,EP-8430/EP-8430 PAVA MS/Rev. 0/Test Certificates/BOSCH PAVA Letter.pdf,1,pages/44665c3b5543786e-p1.jpg,no-record page,absent,absent,n/a,,high,AI-drafted Golden label (v1 / v2 page labels) -- not a human signature,,,,,,,,
C0284,holdout,decision label,EP-8430/EP-8430 Transmittal/EP-8430 PAVA MS R0 08.11.2017.doc,1,open the original (FileDataError),page1,TR/2001/17,absent,n/a,,high,AI-drafted Golden label (v1 / v2 page labels) -- not a human signature,,,,,,,,
C0285,holdout,decision label,EP-8430/EP-8430 Transmittal/EP-8430 PAVA MS R0.doc,1,open the original (FileDataError),page1,TR/0897/17,absent,n/a,,high,AI-drafted Golden label (v1 / v2 page labels) -- not a human signature,,,,,,,,
C0286,pilot,frozen 20 % sample,EP-13777/C & E Matrix/Rev-0/Write up.pdf,1,pages/736d4f7a7cc5ff3a-p1.jpg,page1,EP-13777/AN/FA/201,00,n/a,,high,AI-drafted Golden label (v1 / v2 page labels) -- not a human signature,,,,,,,,
C0287,pilot,frozen 20 % sample,EP-13777/OM manual/Rev-0/10.1-ASU Operating Instructions.pdf,1,pages/92193f34442d91b3-p1.jpg,no-record page,absent,absent,n/a,,high,AI-drafted Golden label (v1 / v2 page labels) -- not a human signature,,,,,,,,
C0288,pilot,frozen 20 % sample,EP-13777/OM manual/Rev-0/pdf/1.pdf,1,pages/bf2fbfa36042622f-p1.jpg,page1,EP-13777/AN/FA/201,0,n/a,,high,AI-drafted Golden label (v1 / v2 page labels) -- not a human signature,,,,,,,,
C0289,pilot,frozen 20 % sample,EP-13777/OM manual/Rev-0/pdf/SOM-1.pdf,1,pages/39c9bedc04f25d98-p1.jpg,no-record page,absent,absent,n/a,,high,AI-drafted Golden label (v1 / v2 page labels) -- not a human signature,,,,,,,,
C0290,pilot,frozen 20 % sample,EP-14119/EP-14119 Commercial/EP-14119 BOQ.pdf,1,pages/a7ba8ee4a56c2368-p1.jpg,page1,EP-14119-R.01 (Reference),R.01,n/a,,high,AI-drafted Golden label (v1 / v2 page labels) -- not a human signature,,,,,,,,
C0291,pilot,frozen 20 % sample,EP-14119/EP-14119 Commercial/EP-14119 Quotation.pdf,1,pages/1c8e4402f0174733-p1.jpg,page1,EP-14119-R.01 (Reference),R.01,n/a,,high,AI-drafted Golden label (v1 / v2 page labels) -- not a human signature,,,,,,,,
C0292,holdout,frozen 20 % sample,EP-19138/EP-19138 MS R0/EP-19138 Cataluge/SIGA-AB4G.pdf,3,pages/0759ff1aee6e7bcb-p3.jpg,no-record page,absent,absent,n/a,,high,AI-drafted Golden label (v1 / v2 page labels) -- not a human signature,,,,,,,,
C0293,pilot,frozen 20 % sample,EP-19977/Cummunication/Relationship UTC&Edwards&Fire Fighting.pdf,1,pages/5e57fdd099c6f288-p1.jpg,no-record page,absent,absent,n/a,,high,AI-drafted Golden label (v1 / v2 page labels) -- not a human signature,,,,,,,,
C0294,pilot,frozen 20 % sample,EP-19977/Cummunication/Relationship UTC&Edwards.pdf,1,pages/ca63b0358a8d6b9d-p1.jpg,no-record page,absent,absent,n/a,,high,AI-drafted Golden label (v1 / v2 page labels) -- not a human signature,,,,,,,,
C0295,pilot,frozen 20 % sample,EP-19977/EP-19977 Commercial/EP-19977 CBS Design.pdf,1,pages/f0c52712654b68be-p1.jpg,page1,EP-19977 (Reference),absent,n/a,,high,AI-drafted Golden label (v1 / v2 page labels) -- not a human signature,,,,,,,,
C0296,pilot,frozen 20 % sample,EP-25091/EP-25091 Inputs/Interior_Finish Schedule.pdf,1,pages/4db45c0849ff5b94-p1.jpg,page1,030-200032.00 (project number),D,n/a,,high,AI-drafted Golden label (v1 / v2 page labels) -- not a human signature,,,,,,,,
C0297,pilot,frozen 20 % sample,EP-25091/EP-25091 Inputs/wetransfer_aka-dcc-id-02-sd-tl-0529-pdf_2025-08-21_0434/AKA-DCC-ID-02-SD-TL-0534L.pdf,1,pages/c92f77d604aa9fee-p1.jpg,page1,AKA-DCC-ID-02-SD-TL-0534L,00,UR,,high,AI-drafted Golden label (v1 / v2 page labels) -- not a human signature,,,,,,,,
C0298,pilot,frozen 20 % sample,EP-25091/EP-25091 Inputs/wetransfer_id-001-pdf_2024-08-10_0931/ID 004.pdf,1,pages/0eef230bc48403a5-p1.jpg,page1,ID 004,D0,n/a,,high,AI-drafted Golden label (v1 / v2 page labels) -- not a human signature,,,,,,,,
C0299,pilot,frozen 20 % sample,EP-25091/EP-25091 Inputs/wetransfer_id-001-pdf_2024-08-10_0931/ID-504-10.pdf,1,pages/a862d625f8ce1d58-p1.jpg,page1,ID 504-10,D0,n/a,,high,AI-drafted Golden label (v1 / v2 page labels) -- not a human signature,,,,,,,,
C0300,pilot,frozen 20 % sample,EP-25091/EP-25091 MS/PAVA/Rev.00/EP-25091 PA SOM.pdf,1,pages/c422682631975cbc-p1.jpg,no-record page,absent,absent,n/a,,high,AI-drafted Golden label (v1 / v2 page labels) -- not a human signature,,,,,,,,
C0301,pilot,frozen 20 % sample,EP-25091/EP-25091 Scan/LJQ2025541 - Avenue Mall.pdf,1,pages/f501da04a089371d-p1.jpg,page1,LJQ2025541 R0,R0,n/a,,high,AI-drafted Golden label (v1 / v2 page labels) -- not a human signature,,,,,,,,
C0302,pilot,frozen 20 % sample,EP-25091/EP-25091 Scan/PAVA Spec.pdf,1,pages/a08b4551b862cf06-p1.jpg,page1,SECTION 275117,absent,n/a,,high,AI-drafted Golden label (v1 / v2 page labels) -- not a human signature,,,,,,,,
C0303,pilot,frozen 20 % sample,EP-26082/EP-26082 CALC/SPL/AR/B2/ARIA B2 SPL.pdf,1,pages/d2b060e9dbcd3177-p1.jpg,no-record page,absent,absent,n/a,,high,AI-drafted Golden label (v1 / v2 page labels) -- not a human signature,,,,,,,,
C0304,pilot,frozen 20 % sample,EP-26082/EP-26082 INPUTS/Spec received from shahul (13-11-24)/B-Particular Specs/3 of 18_V3B_03_Lighting (Part B)_Particular Specifications_Rev.0.pdf,1,pages/44622abc9fc1b78f-p1.jpg,page1,"VOLUME III OF XV, B - PARTICULAR SPECIFICATIONS, LIGHTING (PART B) 03 OF 18",Rev.0 (from the file name),n/a,,high,AI-drafted Golden label (v1 / v2 page labels) -- not a human signature,,,,,,,,
C0305,pilot,frozen 20 % sample,EP-26082/SD/FAVE/MGM1/Rev.01/L6/ASD CALC M-1 L6/L6 DET -1 (Modulaser).pdf,1,pages/acf4bb4c3fee2d6f-p1.jpg,no-record page,absent,absent,n/a,,high,AI-drafted Golden label (v1 / v2 page labels) -- not a human signature,,,,,,,,
C0306,pilot,frozen 20 % sample,"EP-26369/Inputs/AMANA - wetransfer_l-s-zip_2024-08-02_1335/HVAC/Air Outlets, Grills and Louvers/Specifications/DIFFUSERS, REGISTERS, AND GRILLES SECTION  23 37 13.pdf",1,pages/cf8d4762ed9f7d64-p1.jpg,page1,SECTION 23 37 13,Rev. 00,n/a,,high,AI-drafted Golden label (v1 / v2 page labels) -- not a human signature,,,,,,,,
C0307,pilot,frozen 20 % sample,EP-26369/Inputs/AMANA - wetransfer_l-s-zip_2024-08-02_1335/L&S/L&S/Drawing/General Drawings/MECHANICAL/2.VENTILATION/PDF/SA-H2-BEST-VE-00103b.pdf,1,pages/05ada143c0702902-p1.jpg,page1,SA-H2-BEST-VE-00103b,00,n/a,,high,AI-drafted Golden label (v1 / v2 page labels) -- not a human signature,,,,,,,,
C0308,pilot,frozen 20 % sample,EP-26369/Inputs/AMANA - wetransfer_l-s-zip_2024-08-02_1335/L&S/L&S/Drawing/General Drawings/MECHANICAL/4.DRAINAGE/PDF/SA-H2-BEST-DR-00104.pdf,1,pages/d4fb1ba94774d080-p1.jpg,page1,SA-H2-BEST-DR-00104,00,n/a,,high,AI-drafted Golden label (v1 / v2 page labels) -- not a human signature,,,,,,,,
C0309,pilot,frozen 20 % sample,EP-26369/Inputs/AMANA - wetransfer_l-s-zip_2024-08-02_1335/L&S/L&S/Drawing/Proper Drawings/6.FIRE FIGHTING/PDF/SA-H2-BEST-FF-00100f.pdf,1,pages/b0e2745382462140-p1.jpg,page1,SA-H2-BEST-FF-00100f,00,n/a,,high,AI-drafted Golden label (v1 / v2 page labels) -- not a human signature,,,,,,,,
C0310,pilot,frozen 20 % sample,EP-26369/Inputs/AMANA - wetransfer_l-s-zip_2024-08-02_1335/PLUMBING/Greasetrap -C & Sand Trap/Specifications/GENERAL DUTY VALVES FOR PLUMBING PIPING  SECTION 21 13 00.pdf,1,pages/d33772ce624e723d-p1.jpg,page1,SECTION 22 05 23 (file named SECTION 21 13 00),Rev. 00,n/a,,high,AI-drafted Golden label (v1 / v2 page labels) -- not a human signature,,,,,,,,
C0311,pilot,frozen 20 % sample,EP-26369/Inputs/AMANA - wetransfer_l-s-zip_2024-08-02_1335/PLUMBING/Water Supply Valves & Acc. (Incl AAV & Bib taps)/Specifications/GENERAL DUTY VALVES FOR PLUMBING PIPING  SECTION 21 13 00.pdf,1,pages/0ceb9d0df8fdc0e6-p1.jpg,page1,SECTION 22 05 23 (file named SECTION 21 13 00),Rev. 00,n/a,,high,AI-drafted Golden label (v1 / v2 page labels) -- not a human signature,,,,,,,,
C0312,pilot,frozen 20 % sample,EP-26369/Inputs/RDJ 183-RAQ-DWG-IFC-ARC-000018-19 FF_SF/RDJ 183-RAQ-DWG-IFC-ARC-000018 FF.pdf,1,pages/c03714d650093120-p1.jpg,page1,RDJ 183-RAQ-DWG-IFC-ARC-000018,A,n/a,,high,AI-drafted Golden label (v1 / v2 page labels) -- not a human signature,,,,,,,,
C0313,pilot,frozen 20 % sample,EP-26369/MS FAS/R1/MS FAS SOFTCOPY (TIM AEROSPACE) R1.pdf,2,pages/55af6192f69a161b-p2.jpg,no-record page,absent,absent,n/a,,high,AI-drafted Golden label (v1 / v2 page labels) -- not a human signature,,,,,,,,
C0314,pilot,frozen 20 % sample,EP-26369/MS FAS/R1/MS FAS SOFTCOPY (TIM AEROSPACE) R1.pdf,6,pages/e040d31879e59a33-p6.jpg,no-record page,absent,absent,n/a,,high,AI-drafted Golden label (v1 / v2 page labels) -- not a human signature,,,,,,,,
C0315,pilot,frozen 20 % sample,EP-26369/MS FAS/R1/MS FAS SOFTCOPY (TIM AEROSPACE) R1.pdf,9,pages/66b1874d58fbd920-p9.jpg,no-record page,absent,absent,n/a,,high,AI-drafted Golden label (v1 / v2 page labels) -- not a human signature,,,,,,,,
C0316,pilot,frozen 20 % sample,EP-26369/Others/EP-26369-FA delivery sheet.pdf,1,pages/aa986277335a9c16-p1.jpg,page1,EP-26369 R2 (Qtn. Reference),R2,n/a,,high,AI-drafted Golden label (v1 / v2 page labels) -- not a human signature,,,,,,,,
C0317,pilot,frozen 20 % sample,EP-26369/SHOP DRAWINGS/MRO SHOP DWGS/JAM-SD-FA-001.pdf,1,pages/757ec341cb8ca030-p1.jpg,page1,JAM-SD-FA-001,00,UR,,high,AI-drafted Golden label (v1 / v2 page labels) -- not a human signature,,,,,,,,
C0318,pilot,frozen 20 % sample,EP-26369/SHOP DRAWINGS/MRO SHOP DWGS/UPDATE DWGS/MRO UPDATE -4/JAM-SD-FA-004.pdf,1,pages/8e9ff8818f6a86d5-p1.jpg,page1,JAM-SD-FA-004,06,UR,,high,AI-drafted Golden label (v1 / v2 page labels) -- not a human signature,,,,,,,,
C0319,holdout,frozen 20 % sample,EP-28569/EP-28569 ELV/EP-28569 As Built Dwg/CCTV/A01a-Hamriyah/C&MCG42403PH1-01-E-CCTV-2002.pdf,1,pages/b61336bce5515903-p1.jpg,drawing sheet,C&MCG42403PH1-01-E-CCTV-2002,00,UR,,high,AI-drafted Golden label (v1 / v2 page labels) -- not a human signature,,,,,,,,
C0320,holdout,frozen 20 % sample,EP-28569/EP-28569 FAS/MS/EMLSC/R0/PDF/AUTH 010.pdf,1,pages/40a9a7d0f20ee347-p1.jpg,no-record page,absent,absent,n/a,,high,AI-drafted Golden label (v1 / v2 page labels) -- not a human signature,,,,,,,,
C0321,holdout,frozen 20 % sample,EP-28569/EP-28569 FAS/MS/EMLSC/R0/PDF/Catalogue LATEST.pdf,11,pages/b2907cee2e46d10a-p11.jpg,no-record page,absent,absent,n/a,,high,AI-drafted Golden label (v1 / v2 page labels) -- not a human signature,,,,,,,,
C0322,pilot,frozen 20 % sample,EP-29076/05- MS/01- FA/02- R1/Compliance Statement new index.pdf,1,pages/60bfc7e2857be22c-p1.jpg,no-record page,absent,absent,n/a,,high,AI-drafted Golden label (v1 / v2 page labels) -- not a human signature,,,,,,,,
C0323,pilot,frozen 20 % sample,EP-30088/01. Commercial Document/EP-30088 Design Sheet FAS.pdf,1,pages/614902c11f1e67f9-p1.jpg,page1,EP-30058 (Qtn. Reference as printed),absent,n/a,,high,AI-drafted Golden label (v1 / v2 page labels) -- not a human signature,,,,,,,,
C0324,pilot,frozen 20 % sample,EP-30088/03. Document/1. SAMANA PARK MEADOWS/1. IFC DRAWINGS/03. IFC/02. 23.05.2025 IFC - ARCH STR MEP/MEP/ELECTRICAL/ELECTRICAL LOAD SCHEDULE/LOAD SCHEDULE.pdf,1,pages/2c0475d904ada7ed-p1.jpg,no-record page,absent,absent,n/a,,high,AI-drafted Golden label (v1 / v2 page labels) -- not a human signature,,,,,,,,
C0325,pilot,frozen 20 % sample,EP-30088/03. Document/1. SAMANA PARK MEADOWS/1. IFC DRAWINGS/03. IFC/02. 23.05.2025 IFC - ARCH STR MEP/MEP/MECHANICAL/VENTILATION/PDF/VENTILATION LAYOUT.pdf,1,pages/c3655b835c565e40-p1.jpg,page1,PD - VT-101,0,n/a,,high,AI-drafted Golden label (v1 / v2 page labels) -- not a human signature,,,,,,,,
C0326,pilot,frozen 20 % sample,EP-30088/03. Document/1. SAMANA PARK MEADOWS/2. AUTHORITY DOCUMENTS/4. AUTHORITY AND NOCs/DCD Authority Documents for SPM/671704XFIREANDLIFESAFETYXMMSXR01-1.pdf,1,pages/372f0b4e543d2783-p1.jpg,page1,FDR - LS 000,absent,n/a,,high,AI-drafted Golden label (v1 / v2 page labels) -- not a human signature,,,,,,,,
C0327,pilot,frozen 20 % sample,EP-30088/04. Drawings/1. IFC DRAWINGS/03. IFC/03. DCD/DRAWINGS/671704XFIREANDLIFESAFETYXMMSXR01-1.pdf,1,pages/99529fdf0419a2b1-p1.jpg,page1,FDR - LS 000,absent,n/a,,high,AI-drafted Golden label (v1 / v2 page labels) -- not a human signature,,,,,,,,
C0328,pilot,frozen 20 % sample,EP-30088/04. Drawings/SD/recieved/TransferNow-20260908BGEp3fee/Fire alarm layout/Submitted/R00/PDF/ICC-DLRC-SPM-SD-MEPFA-105.pdf,1,pages/2c58d467d8218836-p1.jpg,page1,ICC-DLRC-SPM-SD-MEP/FA-106,00,UR,,high,AI-drafted Golden label (v1 / v2 page labels) -- not a human signature,,,,,,,,
C0329,pilot,frozen 20 % sample,EP-30088/06. MS/EML/Revised/PDF/EATON Auth.pdf,1,pages/db8286713d3c3426-p1.jpg,no-record page,absent,absent,n/a,,high,AI-drafted Golden label (v1 / v2 page labels) -- not a human signature,,,,,,,,
C0330,pilot,frozen 20 % sample,EP-30088/06. MS/FA/Revised/PDF/Product Catalog.pdf,1,pages/de158afe83178e16-p1.jpg,no-record page,absent,absent,n/a,,high,AI-drafted Golden label (v1 / v2 page labels) -- not a human signature,,,,,,,,
C0331,pilot,frozen 20 % sample,EP-30088/08. RECIEVED FROM ESTIMATION/Samana Dev-OneDrive_2_10-06-2026/01. HYDRAULICS SPECS.pdf,1,pages/24924bd6c2291045-p1.jpg,no-record page,absent,absent,n/a,,high,AI-drafted Golden label (v1 / v2 page labels) -- not a human signature,,,,,,,,
C0332,pilot,frozen 20 % sample,EP-30088/10. SD/recieved/Emergency Lighting Layout/Submission/R0/06-02-2025_EML/ICC-DLRC-SPM-SD-MEPEM-103-00.pdf,1,pages/0078616ff139f300-p1.jpg,page1,ICC-DLRC-SPM-SD-MEP/EM-103,00,UR,,high,AI-drafted Golden label (v1 / v2 page labels) -- not a human signature,,,,,,,,
C0333,pilot,frozen 20 % sample,EP-30088/10. SD/recieved/Emergency Lighting Layout/Submission/R0/06-02-2025_EML/ICC-DLRC-SPM-SD-MEPEM-104 A (2ND FLOOR)-00.pdf,1,pages/28781ab119e8cdca-p1.jpg,page1,ICC-DLRC-SPM-SD-MEP/EM-104 A,00,UR,,high,AI-drafted Golden label (v1 / v2 page labels) -- not a human signature,,,,,,,,
C0334,pilot,frozen 20 % sample,EP-30784/02- inputs from estimation/OneDrive_1_3-10-2026/Specification/Specification/210517 - SLEEVES AND SLEEVE SEALS FOR FIRE-SUPPRESSION PIPING.pdf,1,pages/901dc373f7d073bc-p1.jpg,page1,SECTION 210517,0,n/a,,high,AI-drafted Golden label (v1 / v2 page labels) -- not a human signature,,,,,,,,
C0335,pilot,frozen 20 % sample,EP-30784/04- Drawings/03- RCP/OneDrive_1_9-16-2026/BBY006-GEC-SDW-ID-FT-T02-L52-L53-012220.pdf,1,pages/6fa755563006d989-p1.jpg,page1,BBY006-GEC-SDW-ID-FT-T02-ZZZ-012220,00,UR,,high,AI-drafted Golden label (v1 / v2 page labels) -- not a human signature,,,,,,,,
C0336,pilot,frozen 20 % sample,EP-30784/04- Drawings/06- DCD approved/PDF/785045SMOKECONTROLSYSTEMREVISEDPART02.pdf,1,pages/1671b74c9b92cb52-p1.jpg,page1,SM-116,01,n/a,,high,AI-drafted Golden label (v1 / v2 page labels) -- not a human signature,,,,,,,,
C0337,pilot,frozen 20 % sample,EP-30784/04- Drawings/08-Shop Drawing/2.EML/R00/21. L58(TYP 3A) Floor Plan/BBY006-GME-SDW-EL-LI-ZZZ-L58-010042.pdf,1,pages/c09086da20900cd9-p1.jpg,page1,BBY006-GME-SDW-EL-LI-ZZZ-L58-010042,00,UR,,high,AI-drafted Golden label (v1 / v2 page labels) -- not a human signature,,,,,,,,
C0338,holdout,frozen 20 % sample,EP-8430/EP-8430 PAVA MS/Rev. 0/Test Certificates/CE Certification.pdf,7,pages/731b02cbdbb1d42a-p7.jpg,no-record page,absent,absent,n/a,,high,AI-drafted Golden label (v1 / v2 page labels) -- not a human signature,,,,,,,,
C0339,holdout,frozen 20 % sample,EP-8430/EP-8430 PAVA MS/Rev. 0/Test Certificates/CE Certification.pdf,9,pages/d0b1b1dff0e1b074-p9.jpg,no-record page,absent,absent,n/a,,high,AI-drafted Golden label (v1 / v2 page labels) -- not a human signature,,,,,,,,
